Plate,VIN,Year,Make,Model,Category,OwnerDNI
8678MCR,WAULS1L56NPAH0CHC,2022,Audi,Reforma,cupé,49350872-W
8296DBJ,VF7Z1D6D540SGAE9K,2004,Citroën,Viejo,descapotable,77747020-M
3467HKL,WF00R1FM2CF2R594U,2012,Ford,Semanas,monovolumen,80889059-Z
9107KXR,WVWR5LP69KJU5EJHG,2019,Volkswagen,Siguiente,deportivo,28215230-A
1148GZJ,WDB0A69K2ABWDP57D,2010,Mercedes-Benz,Mayoría,monovolumen,36629829-Y
3624CYY,WVW8HYVF74DL03952,2004,Volkswagen,Menos,monovolumen,65883408-T
7620HLK,VF15V9TR5C6R4PAH2,2012,Renault,Producto,sedán,23274509-G
1456KPD,WVWNPK7AXJMXAZEN5,2018,Volkswagen,Especialmente,cupé,21852763-A
6600GWC,VF12HXN71A3T39MMP,2010,Renault,Pueda,deportivo,20834769-N
8993KFW,VF7W73Z49HYHCLJHB,2017,Citroën,América,todoterreno,75785246-Q
9919CBP,WBATKK8342R13S0ZL,2002,BMW,Industria,urbano,72729879-S
2320MCR,VF3W2BDV1N6668MVH,2022,Peugeot,Uso,urbano,47063552-D
5044HMT,WVWYPRYG4C95FBMS6,2012,Volkswagen,Ella,urbano,76596337-N
6052HDC,VF1WJ0M12BGMXX4E4,2011,Renault,Tarde,sedán,11246918-X
0942FHD,VF37Z3HC169MFZ2AR,2006,Peugeot,Armas,urbano,70159395-B
1295GBN,VF720U4X388EFSSDR,2008,Citroën,Solución,cupé,26703215-P
0164HSK,WAU7H4D33D8Y942DC,2013,Audi,Programas,deportivo,45410438-C
9288HDC,WDB6G1R07B9V1JZU6,2011,Mercedes-Benz,Según,deportivo,17239105-F
9319KXR,WAUNPE7Z8KCWR1VLP,2019,Audi,Valor,deportivo,24538978-W
5923LZP,VF1NTRE34N0KSVZL7,2022,Renault,Proyectos,monovolumen,29482084-V
2094KZY,VF1P0AGM2KM4D01LZ,2019,Renault,Tú,todoterreno,11996429-C
3862JBY,VF7AAFME1E5MEZW8M,2014,Citroën,Madrid,monovolumen,91857963-B
9776LPW,WDB162LJ3MN0SKXRA,2021,Mercedes-Benz,Sueño,berlina,97231751-X
1809MFG,WF0WBGJBXPWX7UPK7,2023,Ford,Visita,deportivo,43968604-X
1801FKY,WF0ZV97A87A24WMBK,2007,Ford,Uso,descapotable,80834421-R
6181LKV,VSSGEAC76LP8VHCXP,2020,Seat,Casos,deportivo,17276361-A
5576BVW,VSSKG45G722HR91AH,2002,Seat,Cuales,deportivo,65762127-K
1020DLD,VF1VAFKY759NVAXMY,2005,Renault,Importantes,urbano,90900277-E
1179JXF,WF0630C93HSX4PRY2,2017,Ford,Sabe,descapotable,24454299-D
1452DFZ,VSSTM47X65BEG29LN,2005,Seat,Apoyo,monovolumen,94841922-L
7021LKF,VF14DMUJ6L1ALRASA,2020,Renault,Investigación,descapotable,75311467-Z
4373FGF,WVWZ25AK766D7F2LH,2006,Volkswagen,Campaña,monovolumen,77614742-T
0599FZR,WDBYGS2D188254HBH,2008,Mercedes-Benz,Mucho,urbano,80441523-N
0803LPW,WVW9FT8V3MAXNJ5BT,2021,Volkswagen,Unidos,sedán,50593421-E
1575CPF,VF1FXP6D738GNYPUG,2003,Renault,Investigación,SUV,12303791-X
5445KPD,WAUYV72L1JFSKSPHZ,2018,Audi,Jorge,deportivo,15964798-S
6460GMC,WAU3JTDH795NAUVX4,2009,Audi,Dólares,descapotable,55518037-Q
0340JNR,JT2R0SXX5GUMM6PBW,2016,Toyota,Había,urbano,21852763-A
7022LYJ,WDBCAM5G4NH2MPN75,2022,Mercedes-Benz,Ambiente,SUV,71487916-Y
5455DRG,VF7GNT8Z45ZHLGG5R,2005,Citroën,Casa,urbano,21852763-A
6832KVB,WDBS7GSX1KVWZP17Z,2019,Mercedes-Benz,Ejemplo,descapotable,78080080-W
3091FFK,WAU79HTU66S4990X1,2006,Audi,Uso,cupé,55518037-Q
6471JVZ,WVW1669Y8G7LU51EL,2016,Volkswagen,Van,todoterreno,24009624-Q
2563BDR,VF74NURH1Y2EYDNU3,2000,Citroën,Llama,descapotable,96940237-K
2193LGP,VF7HXYPS8LAEJP6WV,2020,Citroën,Ir,urbano,74333922-S
5594BMF,JT24JVX211MZ44UYZ,2001,Toyota,Salida,urbano,88459078-C
0563FDP,WDBBWYMP66S4TRS0L,2006,Mercedes-Benz,Calle,berlina,91359782-X
2439BWT,VF3MYLW092SL8L1CU,2002,Peugeot,Cuando,monovolumen,12707030-J
2412GMC,VF7MW79R29YSX7PHY,2009,Citroën,Plan,sedán,86027795-K
4972JCK,VF7B47X79FZ9JG1HH,2015,Citroën,Esto,deportivo,90466277-D
8078FLV,WBACPHT297XAG0JV5,2007,BMW,Libertad,sedán,61076270-T
7189GDH,WVW3AU0W28C5VFLNL,2008,Volkswagen,Fueron,berlina,62332209-R
2817FKY,VF1K1AB847HUFT8VW,2007,Renault,Operación,urbano,29482084-V
6809GPJ,WBARMJ8199J9TBJJ3,2009,BMW,Cuando,berlina,71205115-J
6564LWR,WDB7DHN60NL7G2F7D,2022,Mercedes-Benz,Difícil,descapotable,26458341-S
5076BCY,WDBVHF846YRSUT4KD,2000,Mercedes-Benz,Todo,todoterreno,37682948-R
9508BPG,VF73BZEL612WEDZLK,2001,Citroën,Corte,monovolumen,74653330-E
2789JYT,JT2LGT312HAXT5N4R,2017,Toyota,Violencia,descapotable,64361479-G
7765MYW,VF1XPS3J9S7VA65B0,2025,Renault,Libro,berlina,32014870-C
7667CYY,VF70GVLG949ZH1T6D,2004,Citroën,Familia,todoterreno,15081850-Z
3655JBL,WAU2NTYS5E0HF2LP1,2014,Audi,Vista,cupé,77614742-T
5553DYY,WVWWF9JE86FP3FNZU,2006,Volkswagen,Aunque,deportivo,39318465-B
1769GGV,VF7TF1D568D5AE88U,2008,Citroën,Diciembre,urbano,12303791-X
9222LBN,WF0UA5GH5K52ZAFCD,2019,Ford,Ambiente,monovolumen,97443479-T
8023CHF,WBAW06YB53HRXXDRG,2003,BMW,Cuya,cupé,60483512-K
5999HPC,VF3G85TN8DS2X67ED,2013,Peugeot,Estamos,cupé,23519837-Z
4148GPJ,VF394JY3394KTU23P,2009,Peugeot,Él,berlina,51903429-L
0121BBJ,VF7GYRL51YJWEL2FR,2000,Citroën,Luz,berlina,60483512-K
4840GHT,WBAE1HDW78SUHJ9ZY,2008,BMW,Elecciones,todoterreno,45923378-Z
4854CHF,WBANJ90W1315WGESX,2003,BMW,Porque,sedán,46416495-B
3693KZY,VSSZ19EA0K6ALJ6WV,2019,Seat,Gente,sedán,23573053-P
9264MNT,WVWX1U0K7R2FGGYRL,2024,Volkswagen,Acto,sedán,32898290-X
7544CXT,VF3EEMAL34ZTDMF8P,2004,Peugeot,Ideas,cupé,81242135-V
4004FXB,VF113E6B779S76P6C,2007,Renault,Estudio,SUV,17648149-L
8639HRK,VSSXFV190DC8X1TJH,2013,Seat,Diciembre,descapotable,76411848-Y
4265HWY,WVWCA8UUXE61B8RSG,2014,Volkswagen,Dónde,SUV,90573957-A
6024MDS,WVWLKMPX7PKMRS65N,2023,Volkswagen,Casi,descapotable,83772262-Y
8872GLC,WDBW9RJX09D5MUXSJ,2009,Mercedes-Benz,Junio,urbano,61076270-T
3080CHF,WF0124FE23DNBSE08,2003,Ford,Pone,deportivo,85731242-F
0729KVB,WDBNJRR6XKE8KF29D,2019,Mercedes-Benz,Medio,todoterreno,21852580-G
5305BCY,WF0877L52YSP0A19S,2000,Ford,Última,todoterreno,86665839-E
6847CNK,WDB9XEEYX3GAWDW71,2003,Mercedes-Benz,Aún,sedán,53992055-S
3201FSJ,JT2ZJU196789H4K81,2007,Toyota,Deseo,monovolumen,87375519-Z
2551KCV,VSSBSDT44HG7PPLAP,2017,Seat,Autoridades,sedán,47556642-W
4585BXP,WF0RAEA672PC9JP5L,2002,Ford,Comercio,descapotable,27086591-C
4520HWM,VF71V0YRXE98RJHJ5,2014,Citroën,Fuerza,monovolumen,88270122-D
1039LVD,WVWN4GVX8MR59BZHN,2021,Volkswagen,General,todoterreno,97527017-W
6405FFK,WF0CZ4Y1X61DMXD6S,2006,Ford,Puede,berlina,85920760-M
0980MDF,WF0CY9R59N8F1NFMS,2022,Ford,Pero,berlina,37345560-T
1456MLH,WAULK2Z31PTTXZXPZ,2023,Audi,Arte,deportivo,14327924-M
4760JTB,VF3M7W503GUG9WERA,2016,Peugeot,Pone,deportivo,73641580-L
8460HSR,VF7BT9662D2FLUPEL,2013,Citroën,Práctica,descapotable,65999535-T
9442KVX,WVWVX7JH9KNE3MYPC,2019,Volkswagen,Cosas,monovolumen,77614742-T
3551BCY,VF71N7XSXY1MEJB0T,2000,Citroën,Viene,SUV,57823707-M
5151KFC,WVW9ABG68HNZLD7G8,2017,Volkswagen,Va,sedán,12746712-C
6391CLD,JT2VX8KS23ZRKNTPU,2003,Toyota,Distintos,monovolumen,43585463-A
4756MVL,WDB2AV9J8R7NR0259,2024,Mercedes-Benz,Ministro,sedán,16032888-W
8347HKX,VF7GZ62L5CA8LPR6B,2012,Citroën,Bueno,SUV,43701473-R
7981HLK,JT2W8X1NXCALFZ4G9,2012,Toyota,Su,sedán,51100591-L
1529BFJ,VSSFGBKR11DZ0EMDN,2001,Seat,Social,berlina,14327924-M
7542KVB,VF1B67RX7KKMKCGGD,2019,Renault,O,SUV,77859220-B
3184GJJ,WF0ALY1018Z9DVHUT,2008,Ford,Resultado,deportivo,53992055-S
2528HPC,VF1X2FX66DA0YNSMH,2013,Renault,Aire,SUV,32898290-X
8739MDF,VF7PC02E5NSDK5BSJ,2022,Citroën,Capacidad,SUV,32014870-C
2389KFW,WVWSVPRH7HUW27RYM,2017,Volkswagen,Electoral,cupé,49232854-C
5550FKC,WBA4ZGR486H5WE0BN,2006,BMW,Otra,deportivo,47898561-A
0939CRC,VSSG8WV1732NP8SDB,2003,Seat,Casa,urbano,27866507-Y
6327LFH,WBAT2SUJ4L920C2GY,2020,BMW,Abril,descapotable,39318465-B
1939BNL,WBANUR6F8126TBX7X,2001,BMW,Ii,deportivo,87932487-Z
3786KLN,VSSABRG62JYG8T3LM,2018,Seat,Millones,monovolumen,56803866-F
7559BJC,VSSFLFR871TBF1XAL,2001,Seat,Pues,descapotable,60991088-X
1162BCY,WAU09RRD5YVB6V293,2000,Audi,Pie,monovolumen,17239105-F
9422BCD,VSSCN5H39Y7CUCMNZ,2000,Seat,Después,urbano,63046081-E
6423MJR,JT2UH5EH0PPAS0WCC,2023,Toyota,Doctor,berlina,85920760-M
7711NDG,JT21PN9D3SKRXHWYC,2025,Toyota,Papel,urbano,28569584-L
8570GBN,VSSNCKXR18HNKKUMN,2008,Seat,Meses,berlina,24630351-L
2295DRG,WAU9PRWG553ST7F0N,2005,Audi,Imagen,deportivo,79160118-Y
7995HLK,WDBM9Z383C2H78GFR,2012,Mercedes-Benz,Estudios,sedán,28674151-M
5797JVZ,WF0WYH853GW9SU6JG,2016,Ford,Siguiente,cupé,14531171-R
4996LYZ,WDBVEMFG2NLJPH2P4,2022,Mercedes-Benz,Niños,deportivo,64695993-Y
7588NFR,WF0RUSKX5SRMY7RNA,2025,Ford,Mil,todoterreno,45691016-K
3403HNC,VSSUV2AS7CYTVH306,2012,Seat,Sociedad,descapotable,41086508-K
3379KKR,VF7GXHMH3JRMMGKJ8,2018,Citroën,Voluntad,descapotable,67901917-Y
8195LBN,WDB5K2KM4K6G5W6YH,2019,Mercedes-Benz,Allí,todoterreno,79563401-F
9070LGG,WAUT8FUJ5LVY0M4VU,2020,Audi,Segundo,urbano,16174013-E
4881CTT,WVWR6G6T7492133ZF,2004,Volkswagen,Popular,monovolumen,24759104-H
3450LPW,VF1YZCPZ7MBNEKX9W,2021,Renault,Hermano,SUV,44844422-B
4113BTZ,VSSRXJUZ02CXMH7AD,2002,Seat,Entonces,sedán,55381151-A
0501HFT,WBA61LEN6BHGYAZM1,2011,BMW,Lo,SUV,87375519-Z
0684LML,JT2KSYSD7MTHXC891,2021,Toyota,Somos,sedán,38004995-W
8725MBN,WAUZJD6T5NXLV0XWD,2022,Audi,Pueblo,berlina,33901259-H
4746LHG,VSSCNYG25LXHJ5005,2020,Seat,Aun,todoterreno,56803866-F
4289JCY,WF035SDY0F4P6TZVB,2015,Ford,Plaza,SUV,80631912-F
8973HTV,WF0BGJJ7XDPDJTDAU,2013,Ford,Niños,monovolumen,56803866-F
2187MDS,WDB5BVV10PW1HYTD7,2023,Mercedes-Benz,Octubre,todoterreno,33901259-H
2724KNK,WVWVXTV06JZ0W2NCD,2018,Volkswagen,Medidas,monovolumen,54799824-R
7315DLD,JT24272K8585JG5C6,2005,Toyota,Recursos,berlina,51903429-L
1774LJD,WVWSX8FY2LJ6WB6VN,2020,Volkswagen,Premio,deportivo,84226022-E
7408CTT,VF3MLN6874WZF3MT1,2004,Peugeot,Muerto,monovolumen,84604570-J
8202HNT,VSSF2XE60D59M44GJ,2013,Seat,Resulta,monovolumen,48839698-A
4211MFG,WAU8CW3B1P91Z9GSV,2023,Audi,Sabía,todoterreno,40100500-T
1733HFT,VF786U5V7BC1UMBY6,2011,Citroën,Mayoría,urbano,47240254-W
1471BCD,VF33V9355YJ88P15G,2000,Peugeot,Programa,SUV,90240267-C
0210LNN,WF00WB931MCFJZAJB,2021,Ford,Palabra,urbano,59835563-M
5189CHF,VF3C6Y5L83DTGRAF1,2003,Peugeot,Miguel,SUV,75454574-S
4864MTK,WDBR5MWJ3RP0DB23G,2024,Mercedes-Benz,Psoe,monovolumen,67729512-D
0824JFX,WAUFUX204FT8VV8S5,2015,Audi,Hombres,berlina,51722156-D
6921HKX,VF1PHA0E0CRJHGF8E,2012,Renault,Obras,deportivo,87948285-B
3022FNZ,VSSF4PNL87C6K3J8X,2007,Seat,Junto,SUV,64332412-D
5735BTZ,VF7AN45G42ED3G0SP,2002,Citroën,Unas,todoterreno,54942433-X
1577MCB,VF34TFZV1NMSDC6H4,2022,Peugeot,Llegar,cupé,69785482-D
2331BMF,VSSDVS97217JY17U6,2001,Seat,Defensa,descapotable,15661675-D
1235HSZ,WF0CDPV2XDY40A6NA,2013,Ford,Nuevos,todoterreno,80623930-Y
3783DVW,VF33UBPPX6UV84R6S,2006,Peugeot,Soy,SUV,69425374-N
0335JNR,WBAZ5H5J5G2AJ6C20,2016,BMW,Ejército,cupé,84282668-L
7874NFC,WF0FB9LNXSPUVW4H5,2025,Ford,Allí,urbano,33901259-H
9072HKX,VF7P0TJX4CR74JPDW,2012,Citroën,Ahí,sedán,29002559-L
1142HSR,WVWX870L0D21ZTECZ,2013,Volkswagen,Jamás,berlina,29467329-M
6677CMM,WF0NLZMM138C1GK2L,2003,Ford,Prensa,urbano,93641211-T
5745DYY,WAUN7CJF46Z1T3M40,2006,Audi,Esa,deportivo,29625570-Y
2709MZS,VF36SCKX7SKKEPY04,2025,Peugeot,Cabeza,monovolumen,77304188-S
6799KPD,VF74ZLUH9JDZ76DCA,2018,Citroën,Pablo,sedán,56590545-B
1471JJW,WDB9K2RE7FB0Y1CLX,2015,Mercedes-Benz,Pero,cupé,82993269-T
5427DTB,VF7714BF45FU0KPRU,2005,Citroën,Pueda,todoterreno,34620203-M
3490HCR,WAUYUSBF6B0TPLE1U,2011,Audi,Entrada,deportivo,89675822-H
6614DXZ,WVW211J076KCG8YDE,2006,Volkswagen,Sea,todoterreno,51664183-L
6266KZK,WDB1316W3KXT3P805,2019,Mercedes-Benz,Línea,todoterreno,81705672-N
7069MNT,VF7V2TFX7RYRKS92L,2024,Citroën,Varias,SUV,91857963-B
3922DVB,VF74EEJL75M9LGFMP,2005,Citroën,Mientras,todoterreno,48445174-K
9989MJR,VF1TWZM52P4DWWDHE,2023,Renault,González,cupé,61547340-F
7840JPK,WBALUKYS9G0ESH7ML,2016,BMW,Información,SUV,47403837-D
9542HWY,WAU26UMAXEH6C883Z,2014,Audi,Ve,cupé,69192499-N
9139BWT,WF0KRUWD32SA1D8UR,2002,Ford,Revolución,todoterreno,49341027-R
3693JJH,VF1RLXYA1F1LXLM30,2015,Renault,Económico,SUV,28538199-Y
7187CJC,VSSDD7KD23WV48XJJ,2003,Seat,Ellos,cupé,82445390-G
9125JBL,VF34KM5M6E4SHVCMW,2014,Peugeot,Chile,descapotable,37682948-R
3995GYD,WDBXU2TL2AC12X0LX,2010,Mercedes-Benz,Teoría,urbano,85695192-K
7591MVL,WAU9ZSSG7RW510VSM,2024,Audi,Junio,SUV,69425374-N
5294MFG,JT27N9VR7PYY0953N,2023,Toyota,Estudio,deportivo,53627036-Y
2809MWD,WDB7AGFZ4RLZLWR8B,2024,Mercedes-Benz,Demasiado,SUV,76409564-E
8983KBM,JT21WW5F9HKB8WXKF,2017,Toyota,Cuadro,urbano,72729879-S
6425JJH,WDBRFSTD3FJ8B4FC7,2015,Mercedes-Benz,Iba,monovolumen,46239165-B
6276CGJ,VF1E4NVN333VXJ6JK,2003,Renault,Nivel,sedán,47556642-W
3771BBJ,WVWDK3VJ7Y4Z29W0N,2000,Volkswagen,Revolución,urbano,97527017-W
2889BDR,WVW7KDTH2YVC9FA0R,2000,Volkswagen,Trabajar,cupé,73584936-R
1111JRZ,WF0JH1JH6GULGAA59,2016,Ford,No,SUV,91359782-X
4957MJR,WAU3VBFS5PVTVGCSV,2023,Audi,Consejo,todoterreno,17648149-L
2652NFC,JT269AE22STHCTZZZ,2025,Toyota,Pocos,monovolumen,90573957-A
2393JVH,VF7YDC724GJL3M42T,2016,Citroën,Quienes,monovolumen,17051533-T
5473FBC,WAUNNJH506ULUFYXB,2006,Audi,Industria,deportivo,94420174-E
5085FTP,WDBPUDWAX7HLNMEPM,2007,Mercedes-Benz,Somos,cupé,32887901-V
6176KRJ,VF301EVD2J3H8C2P8,2018,Peugeot,Pie,sedán,60483512-K
6516BRB,WDB1R9V491GKTBWWP,2001,Mercedes-Benz,Mismos,berlina,63647644-C
0487GRM,VF3JMD4S199PEGFBF,2009,Peugeot,Plaza,SUV,35526332-A
4669NGB,WAUJCE054SXPPS4A9,2025,Audi,Sido,monovolumen,51441320-A
1688GHG,WF0C1N2928R3SU19J,2008,Ford,Atención,descapotable,92297762-G
3649NCJ,WAURP2EW5S622AVRT,2025,Audi,Respuesta,SUV,83247242-F
6155CMM,VF7WBN5U03LUFSK6B,2003,Citroën,Vuelve,sedán,21392219-B
5600BGF,JT2J0S3V31HYLHWHS,2001,Toyota,Equipo,cupé,29002559-L
1677LJR,VSSR0P115LE5175N4,2020,Seat,Plazo,monovolumen,19640738-A
3484KLN,VSSZU46F3JHHGK1X5,2018,Seat,Respecto,deportivo,15820822-L
8355CHF,WBANHU1Z43NRPDXBB,2003,BMW,Sería,cupé,57903306-R
2428FWC,JT2T2T6Z07DSYNPDJ,2007,Toyota,Distintas,deportivo,23274509-G
6539CHF,VF7EZ1U443NEC7CKM,2003,Citroën,Sector,sedán,26103509-G
1305JCK,VF1B3HSJ0FBB31ZGD,2015,Renault,Cambios,sedán,32746298-W
0906BDR,WVWJHVSU7YF3U620S,2000,Volkswagen,Riesgo,todoterreno,97311430-V
5197FLV,JT249XJW876YENW8K,2007,Toyota,No,todoterreno,48658824-R
4495MYF,WAUVEW423SYMSBC5T,2025,Audi,Servicios,monovolumen,50387529-A
6061HBP,JT2PL5V66BYC2C6RB,2011,Toyota,Principal,sedán,80441523-N
2883FDP,VSSZHWR10646ZVDL5,2006,Seat,Posición,cupé,29657935-X
7985HHH,VSSCMBGV1B6BDTH5G,2011,Seat,Todo,urbano,20749089-F
4671JHJ,WBABGXSMXFBFF1TED,2015,BMW,Aquella,deportivo,50860287-L
2046LHG,WVW6D4592LPEZVFRV,2020,Volkswagen,Llamado,sedán,64766851-R
3508KNK,VF3US3858JFT0TFCS,2018,Peugeot,Centros,sedán,46416495-B
7039BCD,VF38XCD00YE3EHP6W,2000,Peugeot,Fuerza,berlina,17239105-F
5637BGF,WF013372916625G83,2001,Ford,Hicieron,berlina,27866507-Y
6659FKC,VSS8F6DV16T13E8P0,2006,Seat,Pública,urbano,56609469-Y
4000CBP,WF02UUAC52RC8XMHD,2002,Ford,Práctica,SUV,82614874-R
8603GYX,WDBT91741A0XLXERK,2010,Mercedes-Benz,Bueno,monovolumen,41666349-D
2840LZZ,JT22W6BJXNDGXNBUB,2022,Toyota,Razones,monovolumen,72729879-S
4578NDG,VF7Y8NZW4SKCCSWPU,2025,Citroën,Va,SUV,26208113-G
9760MCR,VF1JB7345NFVSG4C8,2022,Renault,Servicios,monovolumen,18072646-M
7143BWT,VF37WL5Y22GGUSXTL,2002,Peugeot,Total,urbano,80379381-Q
0836GXP,VSS2XYDL1AJYJBVN2,2010,Seat,Social,monovolumen,21852580-G
2072BPG,WVWRD3EX81TE20A89,2001,Volkswagen,Proyectos,berlina,50860287-L
5844HYT,WVW4HB0B2E99SGRD3,2014,Volkswagen,Economía,monovolumen,53961297-P
1551GNY,VF7EXLV069UCKRH0B,2009,Citroën,Mujeres,monovolumen,58877579-V
1535LFH,VF3WC4GDXLH6PZW1Y,2020,Peugeot,Civil,sedán,63046081-E
6953HWM,VF13DSE09E9W5XDW9,2014,Renault,Estructura,monovolumen,73477644-G
0554HKL,VSS09T898CA7PB5GA,2012,Seat,Comercio,berlina,20112129-D
6310LKF,JT2F8V4F8LFTLL5DP,2020,Toyota,Señor,deportivo,65264234-D
2142KTJ,VF7ZC8YD8KN2WHM84,2019,Citroën,Aumento,todoterreno,33488827-E
7262GSR,VF70DYRF29C9EPFZD,2009,Citroën,Largo,SUV,90657658-F
0686MFG,VSSUNGKZ6P6KWNTF9,2023,Seat,Medidas,berlina,15964798-S
9480CCH,WDBMYEJV92HBD6DXV,2002,Mercedes-Benz,Música,descapotable,54051682-A
1408GJJ,VF1CYZ8678FHJ488R,2008,Renault,Realidad,deportivo,58273827-S
6685KMM,WBAAE7L48JKAFRYKC,2018,BMW,Unidad,monovolumen,18882035-R
2135JCY,WBAZ97XY9FPYK2MY1,2015,BMW,Ninguna,sedán,39218230-X
9685HSK,VF32X2LJ9DUA6XYDG,2013,Peugeot,Reforma,sedán,82845677-E
5727BVW,VF70C5F282LSDJ7UN,2002,Citroën,Unidad,deportivo,26948696-X
7122HGM,WF0S0CXC6B75EF17F,2011,Ford,Ellos,SUV,35526332-A
3598LPW,WBA8TD2S8M097MHYA,2021,BMW,Socialista,SUV,94010463-X
1453NBL,WBA7WU159SB8ZLCJC,2025,BMW,Ya,cupé,25509578-W
7504CRC,JT2Y9ADN73BZRCD1R,2003,Toyota,Hizo,berlina,81007977-E
9133FKC,JT2RZFT446KJUKK42,2006,Toyota,Sistema,descapotable,64670051-P
0240DMJ,VF1RCE2F052AFUR2C,2005,Renault,Posibilidad,urbano,26389479-S
1854BFJ,JT2KHB4641J8S30E3,2001,Toyota,Allí,urbano,38209070-K
3260LVV,VSSRYUJE3M88SJEPC,2021,Seat,Volvió,urbano,90240267-C
1002HMT,VF7X4YDH3CH9MVSY0,2012,Citroën,Encima,cupé,17239105-F
7864HKB,VF7LP04K6CY62GTMB,2012,Citroën,Nuestro,todoterreno,92962925-F
2653GHG,WDB7J0LL88RPGR79N,2008,Mercedes-Benz,Servicio,SUV,27273247-P
5994HTK,WBA1TL6E2D57LD2X2,2013,BMW,Político,SUV,69192499-N
8866LYZ,WF0E9BCL1NLLCC4PM,2022,Ford,Falta,descapotable,63647644-C
3732CKB,VF7K7HYU83T5K4YSN,2003,Citroën,Principios,deportivo,11619559-M
0970CRV,WF07KJ2E44EZZLAF0,2004,Ford,Propuesta,cupé,80980906-E
2876CWR,VF3K1ZG98458W4PC8,2004,Peugeot,De,todoterreno,71975528-H
5917FKC,WVWGVLR626N8GP4YY,2006,Volkswagen,Información,SUV,74333922-S
3675CJC,VF3FPYEN13EEEPALL,2003,Peugeot,Aún,berlina,41661266-D
8993GHT,WBAS48RB080XR27XC,2008,BMW,Mitad,berlina,29235353-F
6024MRD,VF71DRKL3R1825DWF,2024,Citroën,Tenía,deportivo,41531993-L
9687HPY,WVWCPLNB9DKJR11F6,2013,Volkswagen,Buen,urbano,96956974-Z
2468KZY,WAU4FG797K6YP8NPH,2019,Audi,Número,cupé,97443479-T
3840DMJ,WDBDUW48X5WP4MUJE,2005,Mercedes-Benz,Unas,deportivo,85193017-M
3508CMM,VF70GXDB03J8PBKCD,2003,Citroën,O,sedán,32136067-F
5757BCD,WBA2MGLK5YYB71R0D,2000,BMW,Conocer,berlina,55756263-P
1193LFY,WVWYS82Z2LSFXZ7L7,2020,Volkswagen,Decir,cupé,97360309-K
6650KWT,WVWK7U824KHN9S9BF,2019,Volkswagen,Hacer,todoterreno,51908776-F
6892BDR,VF3PR9KN5YERDFDKZ,2000,Peugeot,Gracias,monovolumen,26389479-S
3285MFZ,VF1MKTL62PDYEGK3V,2023,Renault,Marco,descapotable,59710614-S
4674CTT,WF0VDF6EX4TNW9XYB,2004,Ford,Victoria,todoterreno,43968604-X
9653FWC,VF3YM08K27RDDYRV8,2007,Peugeot,América,cupé,29625570-Y
5985KHG,WDB41CEP5JT1JKCZ6,2018,Mercedes-Benz,Siquiera,sedán,36620450-B
8481HHT,WVWSCJXU1BHG5VK8H,2011,Volkswagen,Largo,monovolumen,89397922-G
5945GSC,WVWMPH06590SNWZ8Y,2009,Volkswagen,Pueden,monovolumen,15080482-A
3168FYY,WF0E94TK77A7HDJRS,2007,Ford,Flores,deportivo,26458341-S
8057GKH,WVWSSDUH88AB4YLA9,2008,Volkswagen,Partir,todoterreno,37845262-G
3184CFM,WF0CHSCX53JTUECH9,2003,Ford,Rey,descapotable,12746591-Z
3880GPJ,VF72M982694A9TVBY,2009,Citroën,Educación,todoterreno,53992055-S
6217HCB,VSSKRY9WXB5ATD2G9,2011,Seat,Alto,deportivo,38211003-E
4502MWV,WVWZML2Z2REDEEEZ2,2024,Volkswagen,Bien,sedán,33438135-E
8749BKB,WVWAZZWD5111H9RAD,2001,Volkswagen,Ese,monovolumen,78964814-H
2661LPW,VF70SYXP2M4BJZAR0,2021,Citroën,Precios,berlina,73820518-V
3834MNT,WVW8G0933RKKZYM10,2024,Volkswagen,Pueblo,deportivo,80109807-W
9506LLJ,VF116LR64LY4S8LVU,2020,Renault,Carrera,sedán,78743345-Q
4589DXZ,VF7YYEK276L6P6M2S,2006,Citroën,Puede,SUV,56686273-J
5957JKZ,JT2MD9HAXFV932U6C,2015,Toyota,Usted,sedán,33458602-L
6490FFK,WBAW1XKP96LNWV3JC,2006,BMW,Expresión,descapotable,26155035-X
5125FTP,JT2RMWBL87K4YWA9W,2007,Toyota,Distintos,deportivo,54051682-A
8911BCD,WAUA1HA23YUYLVRHW,2000,Audi,Película,cupé,14531171-R
4169HTK,WAU7D4HK9DEYJFP62,2013,Audi,Puerto,cupé,91965747-V
8517HBG,JT27VPTY9ANVBJ77X,2010,Toyota,Todos,SUV,68999478-F
7526GFC,JT2FLDTY18V3G4D89,2008,Toyota,Tendrá,SUV,36896171-P
5087GTC,VF750LY80AUXVT4PH,2010,Citroën,Una,SUV,47063552-D
7302MVL,VSSUXXU4XRE14XAW7,2024,Seat,Sí,cupé,63046081-E
0044LYJ,WDB1BLM60NJ5YNTUX,2022,Mercedes-Benz,Muchos,cupé,71283728-N
2222GVM,VF1SWATR3AL680TX3,2010,Renault,Aspecto,todoterreno,73141002-J
0937MDF,WAU5LYLB7NW64TU9B,2022,Audi,Mayores,cupé,22516321-B
9473HJM,VF7WMCPV5C1JU50ZT,2012,Citroën,Serie,descapotable,63650410-A
9283FXB,VF3CX6NX57KF0UZ71,2007,Peugeot,Su,cupé,53737429-E
6876BJC,VF347PU161N3TH0TG,2001,Peugeot,Área,cupé,86665839-E
2662CYY,WVW60TDV04HUPFT8V,2004,Volkswagen,Medida,cupé,28580571-N
3637HDC,JT2DJ8SZ1B1W0VBG8,2011,Toyota,Mi,todoterreno,24231180-J
4015KRZ,WVWMYHA97JXE1JPBW,2018,Volkswagen,Presidente,SUV,18072646-M
1277MTK,VSSE1DUU2R5YD9FKS,2024,Seat,Señaló,monovolumen,51722156-D
5443KWT,WBA4S9BD4KP37WK32,2019,BMW,Menos,descapotable,57672801-W
4129GWC,VF3MGN9F9AWH9V4JV,2010,Peugeot,Grupos,todoterreno,64016930-H
6758NFC,WBAVHR422SCX3WUNZ,2025,BMW,Pueden,monovolumen,15662895-X
9000HWY,VSS5HBPU1ELPW03E6,2014,Seat,Libro,urbano,23140456-H
5612GHT,WDB8NRRB98SJ19DPF,2008,Mercedes-Benz,Llevar,urbano,68316385-Z
0757BMW,JT299X5M61GZ6CHST,2001,Toyota,Cara,sedán,13558877-D
1527LXS,WAU35HAV6NP8MK3F7,2022,Audi,Sabe,urbano,19108752-F
5742JWN,JT2DFRM39HAN5K43V,2017,Toyota,Derecho,sedán,46427313-L
4596CRV,WAUCCCGK94GPWD7LR,2004,Audi,Carne,cupé,18837269-Q
5747LFY,VF31XHL21LNG5USFN,2020,Peugeot,Radio,berlina,77304188-S
7640CNK,JT2UVFTY1373GUPU5,2003,Toyota,Materia,cupé,29657935-X
7185FRC,VF77BYZ697Z7ZZKFF,2007,Citroën,Política,monovolumen,75738008-C
0011HZL,VF3AP6N38E4C6UKAP,2014,Peugeot,Viejo,todoterreno,29282588-T
1433LKV,JT2W5YAV6LUKT0N22,2020,Toyota,Teatro,SUV,96189359-R
0332BTZ,WAUZCKLN12B7C4B13,2002,Audi,Victoria,berlina,63945937-A
3950JCY,WAU610AB5FV3CJBCY,2015,Audi,Expresión,berlina,17137985-H
9412HHH,WVWTGW2F1BC8B3368,2011,Volkswagen,Igual,todoterreno,43968604-X
2463HKL,WBA8F2J39CFJHMJ1C,2012,BMW,Efecto,todoterreno,34702374-C
4947JLN,WVWBLFBXXGGBXHTRW,2016,Volkswagen,Bajo,todoterreno,60130233-E
9823HYT,VSSDCPSJ6EVRWHTH0,2014,Seat,Estuvo,SUV,37230307-T
9171MJB,VF1ES40N2P3YEUMZE,2023,Renault,Yo,sedán,64799910-D
0427KJV,WBAM6YLV7J629EYPC,2018,BMW,Una,SUV,96956974-Z
1741KNK,VF3JX07J9JEWVSFGB,2018,Peugeot,Internacional,deportivo,17137985-H
5276GYM,VSS67DUG9AWYWM2H9,2010,Seat,Bajo,sedán,26452464-A
2944DPK,WF01UFMV657GNGY5H,2005,Ford,Primera,cupé,19640738-A
9448LML,WAUZDY992MY1A9R5T,2021,Audi,Proyectos,deportivo,33120436-E
9274LJR,VSSVNT2W2LMND3K0F,2020,Seat,Empresas,urbano,96166031-H
5014FGF,JT23YNKP16TUJ6HEV,2006,Toyota,Llegar,monovolumen,84012763-L
7649HDC,VF7ZLCTS1BVY8PT6T,2011,Citroën,Permite,deportivo,69425374-N
4524GKS,JT2PPDAG9946UB3TY,2009,Toyota,Dado,berlina,73641580-L
2642BZF,WF0DJV00221VFGU4N,2002,Ford,Centro,sedán,88809469-Y
7945NCJ,WDBJZ1V66SB985HN6,2025,Mercedes-Benz,Muchos,berlina,76596337-N
9380MLH,JT2UT23D5P8PN40C6,2023,Toyota,Somos,SUV,78964814-H
2012JGR,WF0220D03FZ9SE7HY,2015,Ford,Considera,urbano,54051682-A
3438JMF,WAU6PMTS4G319233L,2016,Audi,Director,urbano,74954540-R
6251FNB,VF7YFV9747JLNKEN9,2007,Citroën,Largo,todoterreno,91965747-V
6773DYY,VF3GG1KP56393PE7F,2006,Peugeot,Llegar,todoterreno,53627036-Y
2383MRX,VF12KUJ99RJE7L0H4,2024,Renault,Ambiente,descapotable,54051682-A
0478KFW,VSSRPE0J4H8JJ9PXN,2017,Seat,Orden,sedán,58321483-S
1465GFY,WDBYTN1238N7GVDN4,2008,Mercedes-Benz,Entrar,urbano,70394744-R
4060HXN,VF3AVLHA4E7VX897U,2014,Peugeot,Medidas,urbano,64016930-H
1638HCR,WAUXNYVJ1BAT5GU9P,2011,Audi,Ojos,monovolumen,63647644-C
2624FTP,VF73FVP797M4KGPX1,2007,Citroën,Enero,monovolumen,15339350-Y
6413LKF,WBAGAKAL5LJ1JN4UY,2020,BMW,Conocimiento,berlina,18837269-Q
4468GWV,WDB9WNPY8AJSR5LBK,2010,Mercedes-Benz,Estructura,SUV,35036543-E
2910GWC,VF1YCAUY8AA2FMT54,2010,Renault,Concepto,SUV,75925570-V
3731FFK,VF1PVEW9061TMKEF8,2006,Renault,Gobierno,todoterreno,17191248-J
5267NFC,WBAMANLJ1SZCY740X,2025,BMW,Derecho,berlina,15964798-S
6210HRK,WAU79AU77DCJMHKN3,2013,Audi,S,SUV,35105102-H
0871BGF,VF7X4L1L11096E7AN,2001,Citroën,Pequeña,sedán,71975528-H
0612FXB,VF1WAF4J47HH9886T,2007,Renault,Podría,todoterreno,48658824-R
6292HSZ,WAU79AN07DSRVUMB7,2013,Audi,Figura,descapotable,22516321-B
6846HSK,VF76BDU11DG0E512A,2013,Citroën,Mundo,monovolumen,37345560-T
6332CRV,VF70105464SZ9MGET,2004,Citroën,Energía,descapotable,92101389-M
8787HTV,JT2BLBG40DS5C97C9,2013,Toyota,Mujer,monovolumen,38211003-E
9944HVN,VSSJY1EC9EV66V7AY,2014,Seat,Semanas,descapotable,30308202-K
7202CYY,WF0WEKWZX4UG4SCTK,2004,Ford,Juan,descapotable,26734504-V
8366KKR,WBA14MF87J04VMU9L,2018,BMW,Horas,monovolumen,21284060-K
7508BCY,WDBE29B51YYM0U36W,2000,Mercedes-Benz,Uno,berlina,49043825-M
5907MHG,VF1G07CE5P7MJDRPT,2023,Renault,Común,deportivo,77483763-Y
0980LGH,VSSSX7V34L2DW9Z1L,2020,Seat,Va,todoterreno,95437066-S
2665CSS,JT2WLDVG54TNBF3NW,2004,Toyota,Donde,deportivo,15820822-L
4150LJD,WF0GYKU73LWMPYPR5,2020,Ford,Aquel,monovolumen,20423917-D
6807HWM,VF1ZERLL9E8JAPY5W,2014,Renault,Cerca,SUV,41740974-E
0559JBY,VF7VE9J59EMVRY98D,2014,Citroën,Unidad,todoterreno,94483368-N
5400LGH,VF1J49VM6L5Z792Y9,2020,Renault,He,urbano,51441320-A
5482GPJ,VF37T27B89VK3N4GN,2009,Peugeot,Mil,monovolumen,15964798-S
2899DNP,WAUH4KA8X52ZLP4Z8,2005,Audi,Estado,SUV,15472052-K
7124FXY,WBA6S4RW675LXRMLD,2007,BMW,Bastante,deportivo,36269465-Y
2698KCH,VSS0N8300HYJA588B,2017,Seat,Universidad,cupé,38214046-Y
5166HGM,WVW4HNK09BS1EE4DD,2011,Volkswagen,Prensa,todoterreno,74857296-R
7957GNY,WDBW0F09490VMA96B,2009,Mercedes-Benz,Alrededor,descapotable,76395847-J
3871GMC,WVWZVV9H39DTZJ1K6,2009,Volkswagen,Idea,cupé,80109807-W
5588JVZ,VF1GU55H9G4A0YX3A,2016,Renault,Fuerzas,SUV,17137985-H
6935LFY,WVWWVH851LC1KXD70,2020,Volkswagen,Público,deportivo,19602942-L
8756GMN,WBAJ95N179FUKM2Y4,2009,BMW,Diferencia,descapotable,37577437-Z
2110DLD,WBA3LTD1X5EDGK2HM,2005,BMW,Tiene,cupé,67729512-D
6932MVL,WF0TT5DVXRE2KT46F,2024,Ford,Causa,berlina,69689059-W
2043JBY,VF7VM4L2XEWDF91CW,2014,Citroën,Población,deportivo,91109735-L
7655MDS,JT2SG94G5PK12MDH9,2023,Toyota,Armas,deportivo,80397834-T
6274GJJ,VF1KY3NL18HJK5J72,2008,Renault,Nacional,monovolumen,17147791-A
3245LZP,VF79E8HY3NJEFKBW8,2022,Citroën,Políticos,todoterreno,23151203-R
0289NGB,VF146WPKXS8ZADSNX,2025,Renault,Especie,descapotable,74164836-W
2679BNL,VSSTAF7G61JWG30SW,2001,Seat,Solo,deportivo,98412809-H
3077GKH,WF0D0XUA48S9LYA81,2008,Ford,Tener,descapotable,64224135-Q
5031HBG,VF360FY65AX1V5NLR,2010,Peugeot,Han,descapotable,89855126-Z
2345CMM,VF7R2JD3530ZFM77V,2003,Citroën,Marzo,urbano,35105102-H
2159HNT,WAUFFF7L1DHBLET7S,2013,Audi,Españoles,cupé,27311317-J
3111HCR,JT2RJ3ZW5BCVDLXN1,2011,Toyota,Carrera,todoterreno,40696598-F
7867DLD,WBA4E0JU459BGR6YR,2005,BMW,Cada,monovolumen,24001850-Q
4406HDC,VF7DZBS13BP050CT5,2011,Citroën,Tendrá,cupé,74870832-J
5277MGN,VF719GGS0P8ZAB7JV,2023,Citroën,Larga,deportivo,53501951-H
8997CMM,VF1XB73V53JA8L127,2003,Renault,Grandes,deportivo,17526993-G
0275DFZ,WDBB7XTF35W8DCBU5,2005,Mercedes-Benz,Estado,monovolumen,91612523-G
3255JGR,VF3BH4UU8F0MGYGGC,2015,Peugeot,Te,berlina,46796365-J
1005BKB,VF3RJYMC718DWE70A,2001,Peugeot,Régimen,SUV,46943478-H
9163DFF,VF76GW1U64RF3L4H3,2004,Citroën,Acto,SUV,34261026-L
1273FSJ,VF1C8GHY17D9NUDZ6,2007,Renault,Cama,SUV,64799910-D
5218HTK,WF0MX8WR5D57Z8KGB,2013,Ford,Piel,sedán,83935379-F
1879BHG,WF03SWEU61CA6MFM4,2001,Ford,Jóvenes,cupé,76540905-X
5411CDV,VF33XH13133WAB2JC,2003,Peugeot,Pueda,cupé,65521935-H
8142KSS,WAUGFPA86JM6D6CPG,2018,Audi,Dijo,todoterreno,29467329-M
6101KSS,VF7GFSSS8JSS3L91B,2018,Citroën,Aumento,berlina,97527017-W
7440KXR,WDB1XSCG2K0BTV5DJ,2019,Mercedes-Benz,Aire,todoterreno,17009242-Y
5382FTP,VSSV317E87LVJNE85,2007,Seat,Otra,descapotable,61055742-B
1366MYW,WVWA677Z7SPR8HF36,2025,Volkswagen,Tiempo,deportivo,18821840-C
9137BVW,JT2NCG3702S7903D7,2002,Toyota,Abril,cupé,67804240-X
1345BXP,WVW33SNK924D1X7WN,2002,Volkswagen,No,cupé,12795711-Y
0306LTP,WVWT3MJ62M581VH7L,2021,Volkswagen,Le,deportivo,82993269-T
9444GYM,WF0VYNV66A2NEA640,2010,Ford,Estas,sedán,13760615-Z
8879CYY,WF0HD35N54KNVLHCW,2004,Ford,Cómo,monovolumen,12707030-J
2701HLW,JT2J7GRX7C5XFG31G,2012,Toyota,Capaz,sedán,12965357-G
3962HXN,WDB7WP0U7E1NX9THW,2014,Mercedes-Benz,C,berlina,68899754-B
9068LJD,VSSGKYAG0LNW60SK5,2020,Seat,Desarrollo,descapotable,65883408-T
6987LXD,VF7PW2Y09N9RTHF9E,2022,Citroën,Libre,descapotable,98096395-S
0701FKC,VF3AJVN9X6S67685A,2006,Peugeot,Niveles,sedán,51885769-T
8994BTZ,WF0YT61U92XC6FKTF,2002,Ford,Dijo,sedán,19602942-L
4914GKH,VF1AJRHV282MUFA2H,2008,Renault,México,SUV,41531993-L
9386BCY,WAU0VVGZ1Y4FY3ZKC,2000,Audi,Apoyo,SUV,29467329-M
6703MLH,WBARM7JD1P1L0L541,2023,BMW,Estructura,berlina,16910528-P
5515LDR,JT2SAV688KDNJEPW1,2019,Toyota,Contra,urbano,18072646-M
3119KWT,JT228DE8XKMXZCTYH,2019,Toyota,Línea,SUV,80302853-D
3237NDG,VF73XW0P0S63912CW,2025,Citroën,Solución,sedán,12746712-C
7538CFM,WAU828DG23GK7XN1N,2003,Audi,Ocho,SUV,25469922-K
6400KCH,VF7D8Z1L7HLET9GFA,2017,Citroën,Sistemas,deportivo,12699922-N
6619JSL,VSSYR2AW8GH8BA9W5,2016,Seat,De,sedán,41259711-B
4047BBJ,VF1N0GN9XYZJX8SAN,2000,Renault,Hoy,berlina,24359754-V
5189JLN,JT2G7M0D4GA32KR5Y,2016,Toyota,Puso,todoterreno,18950806-W
9924KHG,JT2EKHABXJ1AHYSN9,2018,Toyota,Nos,monovolumen,74857296-R
8367FXB,VSSRAM3U47CJZKJ06,2007,Seat,Pequeño,SUV,16174013-E
5624LVV,WAUTYE4W4MTD7MJR8,2021,Audi,Con,descapotable,23790858-A
2827FXY,VF7AUJD537483E7G9,2007,Citroën,Fuerte,SUV,14266038-N
2028LSG,VF151J9C6MM4EMX8S,2021,Renault,A,berlina,83247242-F
2723HJC,WDB4PJB19C75WG98A,2012,Mercedes-Benz,Dirección,SUV,69755493-N
1283JTB,VSS7DZT26GBVELUBS,2016,Seat,Comisión,descapotable,94010463-X
3220FCJ,WF085ZGR36ZHY4P4F,2006,Ford,Grado,deportivo,68899754-B
2697BMF,WF0E1L4L31YJVHJ9D,2001,Ford,Hicieron,cupé,29671142-S
7760GNY,VF7EZPMR39LLWHFKX,2009,Citroën,Jefe,todoterreno,14813811-V
6108KRJ,WAU4Z8RV0JMEGXSPZ,2018,Audi,Demás,deportivo,30094820-X
5551FRC,WBA2SW7627RMGAP76,2007,BMW,Aquel,berlina,24107103-K
2774BJC,VF3SHN7T31AVLGV53,2001,Peugeot,Era,urbano,40722315-X
2833JTR,WVW3JLFC0GY6ZL6Y4,2016,Volkswagen,Corte,urbano,71487916-Y
7389FTP,VF33WBUP77AUBRNCA,2007,Peugeot,Operación,descapotable,15339350-Y
7776CTT,VSSFLAYS94UY9EDDH,2004,Seat,Estado,SUV,35426067-H
5803CNK,WBAVD5L533CLGF74V,2003,BMW,Tras,urbano,23151203-R
9110NBL,WBAMCZUD7S29M9W26,2025,BMW,Zona,SUV,21518072-P
2077KRJ,WVWX80J61JHRYR228,2018,Volkswagen,Sueño,SUV,17188011-L
6294BDR,VSS7TCJD5YHJYHPZB,2000,Seat,Doctor,deportivo,26703215-P
8334FWC,WF0WPG1K37A6CGDR1,2007,Ford,Pone,todoterreno,58490587-T
9696MSS,VF1NN9B62RRL4MGFK,2024,Renault,Banco,todoterreno,41061867-J
1025JKK,WDBCL1M58F2R8MSY9,2015,Mercedes-Benz,Local,urbano,58321483-S
8575GSR,WF0L9SUE79MRS2JBR,2009,Ford,Sola,SUV,55727642-E
7586LLJ,WAU2S06GXLXB6WHXZ,2020,Audi,Grupos,sedán,65762127-K
5068FBC,VF7C0YFE86JV3YTTT,2006,Citroën,Estructura,todoterreno,33763253-N
2523HJC,WF07NCE92C9RTAEHD,2012,Ford,Acciones,sedán,33155706-X
3443JHT,VSSCLFDT9F9AL7R0D,2015,Seat,Yo,sedán,53961297-P
0870CSS,WDBAWN3F448NNBZK3,2004,Mercedes-Benz,Otra,SUV,20805212-X
8553NDG,VSSNB4J57SUFL7XAH,2025,Seat,Éxito,todoterreno,47403837-D
7724GNY,JT28HAAKX9Z5HJA6P,2009,Toyota,Través,cupé,99844380-T
4130FNB,WAUECZ2K171HCHANH,2007,Audi,Oro,descapotable,77859220-B
3104CXT,JT2MSLBAX42KY9K7C,2004,Toyota,Vida,descapotable,77360238-Z
1584CYY,VF7Z9C1594NJ3BV1V,2004,Citroën,Desde,sedán,98412809-H
6471KVB,JT230WPY6KTCE3X9L,2019,Toyota,Dios,todoterreno,39553651-E
3045HVF,VF7SHSS90D77XRFFG,2013,Citroën,Personas,deportivo,26389479-S
3577FHD,VF3SXMS846SGTH8G5,2006,Peugeot,Hija,monovolumen,25179688-R
3471LWR,WF0L0MTT1N39JUJRB,2022,Ford,Iglesia,berlina,28681845-V
0897LZZ,VF727UKB6NB81KZY7,2022,Citroën,Sueño,cupé,59032241-G
3409DNP,JT294K0G75U3R7E7S,2005,Toyota,Poner,sedán,53992055-S
0476MGN,WVW2FJH49PUEU7NXB,2023,Volkswagen,Demás,monovolumen,59137474-N
9927MGN,VSS58GCZ8PVAVW120,2023,Seat,Has,cupé,53961297-P
6898KXR,WVWZ75EMXK2TM1JHR,2019,Volkswagen,Total,urbano,86923290-B
6504JYT,WF01ZP5Y8HLY7N6WF,2017,Ford,Realidad,cupé,74870832-J
2952MGN,WBA108LD3P54SYT0Z,2023,BMW,Viene,deportivo,36427858-K
5608JHJ,WF0G69MZ0F12ZXK9J,2015,Ford,Victoria,cupé,41740974-E
5895CBP,WF0J9TZR026E9UUPP,2002,Ford,S,cupé,75738008-C
6404MTW,VSS535R85RWUCC5V0,2024,Seat,Entrar,SUV,40238802-A
2297KWT,VF794113XKXC6S2SK,2019,Citroën,Tanto,cupé,17946473-X
0902BFJ,JT2NXWLA51EMZCRFN,2001,Toyota,Primeros,sedán,13852253-C
6757BBJ,WVW6BSWD6YF3JHTN3,2000,Volkswagen,Revolución,sedán,33763253-N
7025HWM,VF1TNRN33EP43CL4F,2014,Renault,Participación,sedán,82993269-T
2541KPD,VF3HCD6E8JT9AEEU2,2018,Peugeot,Televisión,monovolumen,61384811-L
1486BCD,WAUCFTMD7YD420ME2,2000,Audi,Estuvo,deportivo,24359754-V
2377MZS,WDBCVSMP9S0APGDHJ,2025,Mercedes-Benz,Bueno,monovolumen,73555290-W
4227HGM,WAU3WDPJ4B7X2S1V0,2011,Audi,Considera,cupé,32887901-V
6921GVM,JT28AA1W6AUXJFW21,2010,Toyota,Imágenes,sedán,45691016-K
5477LWD,WAUL78EJ3NP5ANNMU,2022,Audi,Para,todoterreno,41259711-B
6069MLY,WVW9X8KY5PNW18J84,2023,Volkswagen,Sabía,sedán,92116014-W
6937LLJ,WAUF8MGE7L5CGRXUY,2020,Audi,Existe,deportivo,24107103-K
3327HBP,WBAMZZ9R0BHNS5E19,2011,BMW,Tiempo,berlina,41531993-L
4842KHG,WBAPCP5B2JBKAXU0J,2018,BMW,Iglesia,sedán,48839698-A
5888HLW,WVW77M4EXCFPKVTZL,2012,Volkswagen,Pueden,berlina,50267694-K
1235HZZ,JT2LFWBK5E1D96UTE,2014,Toyota,Habrá,berlina,18837269-Q
9866LKV,WBAUPGU4XLCW6U934,2020,BMW,Líder,descapotable,88267371-H
9821NGB,WVWBW4DD1SFCZ796V,2025,Volkswagen,Pueblo,urbano,37682948-R
3096GWC,WBAZ2VLN7AERA997K,2010,BMW,Fiscal,descapotable,53678849-T
2824HNT,JT228U0F0DKMN87K5,2013,Toyota,Nuevo,monovolumen,43701473-R
3949BNL,JT2K5UVG416SEPYN2,2001,Toyota,Dolor,sedán,86014950-X
8270LWD,VF70BKXY1NYJDDNJ8,2022,Citroën,Con,sedán,76282635-F
1363GVM,VF7PV4J61A3J0S5EZ,2010,Citroën,Quizá,SUV,48774554-H
9209JHJ,VF1617YP7FJT1ZDPK,2015,Renault,Cine,cupé,47245153-W
3436LRP,WBAGC82M1MJ2L5UZP,2021,BMW,Mucha,todoterreno,56354022-C
2127CLV,WF0YU00H234JLB6R6,2003,Ford,Único,descapotable,17051533-T
6312GJJ,WAUG9J9M18RZ8TKGR,2008,Audi,Hombre,berlina,82404083-M
4984JCK,WAUCMV9R6FYMXRHE7,2015,Audi,Personas,descapotable,26729087-M
0690FGF,WF0W02C666BB70M6N,2006,Ford,Unas,deportivo,19153552-A
6012HKB,VSS8G7WC7CAY9GGGE,2012,Seat,Puso,monovolumen,33649487-G
9703CHF,WVWE7VPJ83TYUF3WG,2003,Volkswagen,Objetivo,urbano,20301659-L
0499CBP,JT2FFC1M52EG7EL7C,2002,Toyota,Hubo,descapotable,76431491-F
3963MVL,WVWU0RML2R8C5M09H,2024,Volkswagen,Médico,monovolumen,84549424-K
3630JMY,WVW9RRSY2GZEKWCPF,2016,Volkswagen,Mis,todoterreno,53084464-G
4620HSR,VSS1VGD89D6XNP526,2013,Seat,Función,deportivo,75738008-C
6458MLH,VF7N73SZ9PCBT2YK9,2023,Citroën,Minutos,sedán,26389479-S
2510BSL,JT21WEWR32L6FG0SY,2002,Toyota,Anterior,sedán,60124942-K
2718BCY,JT21ZH001YT123R72,2000,Toyota,Teatro,deportivo,26275233-X
2278BBJ,WF0B2GXD1Y59XC69R,2000,Ford,Diciembre,SUV,91048403-M
7924BBJ,WAUGUAXA9YJX9U0EA,2000,Audi,Período,descapotable,41740974-E
0650FWC,WF07UK9P77RWX45S8,2007,Ford,Quién,SUV,81810757-X
9861GWC,WVWZV53Z2A62WZX6B,2010,Volkswagen,Anterior,todoterreno,37682948-R
7402HLW,WAU1T1V92CW561KE8,2012,Audi,Hicieron,monovolumen,44354089-S
9167DBJ,VF3FC1M8745XJFPPM,2004,Peugeot,Verdad,monovolumen,30536983-K
2421JTB,VSSSRB0E5GM9JLJ5L,2016,Seat,Propios,sedán,38211003-E
4839MJR,JT2TEJZJXPGCV7U1G,2023,Toyota,Comunidad,deportivo,46943478-H
6203KYN,VF3CC6WN2KJK13XUZ,2019,Peugeot,Materia,deportivo,60483512-K
5546KKR,VSSUJC381J4WFG59V,2018,Seat,Tiene,monovolumen,43411929-G
1285KTJ,VF1GVDZC5K7GFALFN,2019,Renault,Demás,berlina,41666349-D
9758MJB,VF7RVBPVXPJUX6YCP,2023,Citroën,Falta,monovolumen,66944108-D
9764FZR,VF3W7M6J78XKUE7WP,2008,Peugeot,Minutos,deportivo,69689059-W
5163JDR,WAUX93LBXFC4LFDTT,2015,Audi,Equipo,cupé,12699922-N
0289LVD,VF3KJE6S5M4WP1PJE,2021,Peugeot,Llegó,SUV,83247242-F
7550FZR,VSS6F95U689U59PZ3,2008,Seat,Entre,berlina,23820826-W
8974CFM,WVW0SRG2X376724GL,2003,Volkswagen,Posibilidades,berlina,50387529-A
7188JNR,WDBM0W8F2GRZHAHTK,2016,Mercedes-Benz,Hora,cupé,79160118-Y
9755DLD,VF3UZDSXX5JVAHXX9,2005,Peugeot,Resultados,SUV,56938349-D
8996HZZ,WBAYDE8G2EZTFYXFM,2014,BMW,La,monovolumen,75454574-S
5264HSR,VF3A2BKK3DTYTXW1A,2013,Peugeot,Presente,deportivo,34996553-Y
7430DFF,VF1NX7YFX4ZZH1HBW,2004,Renault,Policía,todoterreno,58321483-S
5192BZF,JT2HFG4S22SR7C2VZ,2002,Toyota,Creo,cupé,93910659-A
5413HPN,WAUMV5RR6DXDSMJ3A,2013,Audi,Lejos,deportivo,80302853-D
5578GWV,VF3YHL929A5R3AEWB,2010,Peugeot,Empresa,cupé,15820822-L
4838LSG,VSS8YCRH1MJK0KNB4,2021,Seat,Prueba,SUV,94381529-V
9366LML,WVWSCZ2T9ME2KNMKP,2021,Volkswagen,Años,descapotable,61732364-L
8099JVZ,WAUKGRPM8G1CRBNL7,2016,Audi,Pacientes,deportivo,48537244-E
7407BLC,JT2BWYFU01TUYXMKK,2001,Toyota,Nueva,SUV,39998728-A
6226GMN,WAUZM2LP39ZFLG2KP,2009,Audi,Comunicación,cupé,56161228-N
8323KVX,WVWR6AYB5K9L0GEXS,2019,Volkswagen,Club,sedán,17503404-J
4640CBP,VF3ST2WA920EAR3CT,2002,Peugeot,Principios,todoterreno,58321483-S
0962BCY,VSSMYJX27Y35EG88D,2000,Seat,Del,sedán,20465601-V
8237CRC,WF0KCP4073D4LSMLF,2003,Ford,Has,cupé,56344949-D
5928JCY,JT2W4C593FVER43C4,2015,Toyota,Voluntad,urbano,68565219-B
8473KVX,WVWDC0E25KZ85J643,2019,Volkswagen,Material,urbano,82993269-T
5909MLH,WVWXUU7T3PCDPPXBG,2023,Volkswagen,Proyecto,deportivo,50267694-K
1735HNC,WF06XT8P8C688FJ8L,2012,Ford,Nuevo,todoterreno,89075231-A
0676DYY,VF1NE43C16FG19FF5,2006,Renault,Mediante,urbano,19153552-A
0164JKK,VSSEA0DG7FYW0P8RN,2015,Seat,C,monovolumen,33438135-E
7420JVH,VF7B80MZ5GNDS88AT,2016,Citroën,Crecimiento,berlina,51885769-T
0536BXP,VF3TLNUY72GNYGW5S,2002,Peugeot,Conocimiento,sedán,15081850-Z
8137JJW,VF7UK3W45FLFXDU4L,2015,Citroën,Muy,SUV,38763823-Z
9299HFT,WAU6E6LN8B0EW4WDH,2011,Audi,Asimismo,descapotable,87932487-Z
0102HZZ,VF16P94AXES1UAASD,2014,Renault,Mil,cupé,47558059-Q
7643FBC,VF7TFECC461GSEFTR,2006,Citroën,Podemos,deportivo,79455006-B
9692JMY,VF3P2ZPR6GTTE1A9Y,2016,Peugeot,Sistemas,descapotable,76743397-X
4461KFW,WDB7KH7M9HY2B5732,2017,Mercedes-Benz,Cuerpo,monovolumen,89075231-A
5358FZR,VF7XAESHX8WG6KTZ6,2008,Citroën,Hijos,SUV,80379381-Q
1091CBP,VF1635JL528Y5EWBC,2002,Renault,Solución,todoterreno,39318465-B
8377HSR,WDB20XPE2D4365SG7,2013,Mercedes-Benz,Decía,descapotable,89146109-H
8331BCY,VF7F7ZF81Y1S6F4SK,2000,Citroën,Embargo,cupé,79485886-W
1346LJR,WAUAG41Z6L52H3ANS,2020,Audi,Animales,SUV,65989603-G
0525KMM,WF0ZT3A39JGN9EFXP,2018,Ford,Capital,SUV,15278034-P
5438JCY,WVW7LJN92F5ZJSW5L,2015,Volkswagen,Trata,berlina,29467329-M
0242DLD,WAUU5SLD55HACZWAT,2005,Audi,Importante,todoterreno,53501951-H
4490NFR,JT25TN4X7SAYEZSUH,2025,Toyota,Problema,cupé,80980906-E
8669NBL,WDBLXH1F1SZVE6M3Z,2025,Mercedes-Benz,Pesar,sedán,66323332-A
1299DFF,WF0V5M1L44HUV4M7R,2004,Ford,Eran,descapotable,63650410-A
7244JJW,JT2U92LB9F8ZFTGFS,2015,Toyota,Cabo,monovolumen,65264234-D
6573JYT,VF7M80CM4H6G28UKR,2017,Citroën,Pasa,SUV,22811976-R
4737LWD,JT2WT80NXNAJKWS5N,2022,Toyota,Nuestros,monovolumen,30094820-X
9573BVW,VF3ZR2AB22N6Y4VB8,2002,Peugeot,Energía,berlina,29282588-T
9634CKB,VF733RT263EGPKG1K,2003,Citroën,Técnica,urbano,80731349-S
6095BBJ,VSS1N2WR1YG000LN6,2000,Seat,Amor,descapotable,86032984-N
8958DVB,JT2P841535MT2ES0Z,2005,Toyota,Trabajadores,monovolumen,15472052-K
6500DNP,VF712MTC759KYVDZ7,2005,Citroën,Ministerio,deportivo,75738008-C
1856LWD,WVWEBMM46NXKATBE2,2022,Volkswagen,Señor,urbano,75126321-H
6866DLD,JT2B2K3915489SDY5,2005,Toyota,Algún,sedán,36269465-Y
9223FLV,JT2BWWJA273717KKD,2007,Toyota,Miguel,SUV,81522025-C
9663LFY,VF7FVJE06LFSVA1Y4,2020,Citroën,Creación,todoterreno,85920760-M
8684NBL,VSS27MDN6S4C7TJW2,2025,Seat,Esfuerzo,urbano,17276361-A
0641HKB,WDBKMSKG5CAKBG1Y5,2012,Mercedes-Benz,Vio,descapotable,18882035-R
4446HWY,VF3FC8YC3E6E7LVSM,2014,Peugeot,Usted,sedán,26103509-G
3112BCY,VF74Z8XS9Y9JH8J9U,2000,Citroën,Demás,monovolumen,43968604-X
3208LTP,JT2BNC5B5MJ1Y42DF,2021,Toyota,Español,deportivo,12323295-X
6230BHG,WBAGRMZF91DJZ6PVT,2001,BMW,Personal,cupé,25434326-Y
0776KCH,VF3S9ZL12HE11ZPHU,2017,Peugeot,Psoe,deportivo,85146604-Y
5540MKD,WF07ZXN1XPL42396Z,2023,Ford,Único,descapotable,84927522-E
3682GSC,WAU679BUX9M6NXB3D,2009,Audi,Servicio,monovolumen,69425374-N
0330CMM,WAUZBTPL837JM6B2C,2003,Audi,Serán,deportivo,23519837-Z
2823MDS,WF0VSNM50PMJ755KH,2023,Ford,Informe,SUV,46796365-J
4264LZZ,WF0S49645NUA5RMYG,2022,Ford,Niveles,urbano,95184979-P
6066KFC,WVWF4F843HX9NJXSR,2017,Volkswagen,Mediante,todoterreno,90500708-D
0952BZF,WAUFA25A72BBZK5U6,2002,Audi,Ante,SUV,17946473-X
9073GSR,JT2N5FAJ09GL2S3A1,2009,Toyota,Buenos,sedán,75454574-S
2390GXP,WBABZE1Y4AXJMR0VX,2010,BMW,Nosotros,berlina,91612523-G
4510DTB,VF7D5SX045FJ7PCL7,2005,Citroën,Acción,SUV,58490587-T
9923BNL,WDB4HM3S418PVJ20E,2001,Mercedes-Benz,Dónde,sedán,90573957-A
6598GPJ,VF1J6BL7291AT4ESF,2009,Renault,Militares,berlina,97086800-M
6343JMF,VF789Z1W9GK7EWH8Y,2016,Citroën,Menos,berlina,38664860-C
2737MDS,WVWGK4BE9PY978K6Y,2023,Volkswagen,Familia,berlina,46352890-R
4400KPD,WVWZ98TC6JS5UHWJG,2018,Volkswagen,Libertad,SUV,72623070-H
8230FKY,WF0A4LCV87MRCSPDB,2007,Ford,Joven,deportivo,82573008-H
2452BVW,WAUJSPT7523EB5FHP,2002,Audi,Deja,monovolumen,78082402-R
9886BFJ,WAUSX5PS616A4EAD0,2001,Audi,Energía,urbano,38374234-E
3663LHG,WVWG9TMM9LMVJCLLH,2020,Volkswagen,Pasar,urbano,13768666-S
4251FZR,VF1D8FKA98W9L0T03,2008,Renault,Cuerpo,urbano,11619559-M
6229CYY,WDBFV3B824ZWA2N7G,2004,Mercedes-Benz,Embargo,todoterreno,42752805-Z
7093KNK,WDBK07W25JTW8PYMZ,2018,Mercedes-Benz,Menos,monovolumen,92116014-W
2831DRG,VF1C81YPX5KN3CV4U,2005,Renault,Plan,sedán,90573957-A
5821FRC,VSSACWYF7714HPK31,2007,Seat,República,berlina,42809126-P
8841CBP,WBAHY5Y3924RLU3NP,2002,BMW,Eso,monovolumen,46471265-H
1030LCG,VSS059LFXK2ZPPG8W,2019,Seat,Razones,monovolumen,40100500-T
0646LML,WF043E03XMA8ATKNB,2021,Ford,Aspecto,descapotable,78080080-W
0040JHJ,VF302YXS1FB1NV0TK,2015,Peugeot,Medidas,monovolumen,86923290-B
4921HTV,VF1RPZ205D48VZH8Y,2013,Renault,Dios,urbano,79485886-W
9906FNZ,WBAYL9H1772Z2P4LC,2007,BMW,Si,todoterreno,35036543-E
5031DYY,WVW14WLW66GPKVF05,2006,Volkswagen,Propuesta,todoterreno,92962925-F
1344JJW,WF0MZJ9VXFXA3GND7,2015,Ford,Tiene,SUV,68565219-B
4056BRB,WF04NKR5016TAJWN3,2001,Ford,Tras,cupé,87375519-Z
3956LKV,JT2TEUHV1LG6ANA8J,2020,Toyota,Buen,sedán,49713248-J
9302MFG,WAU939CZ4PTHXCV7C,2023,Audi,Nuestro,deportivo,88717102-F
7777GHG,JT27Z5HY88C54S4K8,2008,Toyota,Proyecto,monovolumen,46996966-P
1554BGF,WF0A50HUX1Z3ASGEW,2001,Ford,Efecto,SUV,86014950-X
2720MNC,JT2E79LB9RDC9C481,2024,Toyota,Construcción,SUV,79689077-B
4718DHZ,VF70LLS3550541AEE,2005,Citroën,Pensar,urbano,64332412-D
2720FXY,WBA78608276Z15NXE,2007,BMW,Efecto,urbano,57214792-S
7370FCJ,WBACDW2T461XRSXPH,2006,BMW,Tú,deportivo,82270012-R
6536CRV,VF1NPNY5545YH9D4D,2004,Renault,Dejó,SUV,54232235-Y
4292GLP,VF1H5YV959U3F2L0Y,2009,Renault,Período,deportivo,24001850-Q
6609KNK,VSS7D05K2JRN1HK3B,2018,Seat,Boca,SUV,93696684-C
3019MHG,VF1WBL566PS5B5P9K,2023,Renault,Rodríguez,todoterreno,51885769-T
8661CBP,JT2DJMTC92373LVHF,2002,Toyota,Produce,deportivo,59032241-G
2445FSJ,VF3HNHRJ07HYP1V6W,2007,Peugeot,Ir,sedán,18950806-W
9592HSK,WAU7M3142D549M2F4,2013,Audi,Joven,sedán,22516321-B
9393GJV,WBAHMC5K88KNSNUV0,2008,BMW,Modo,todoterreno,64818419-A
8415FNB,WF0NKBF6X7X48YACE,2007,Ford,Imposible,descapotable,19108752-F
4521MYW,VF1G285W8SPJ58EN8,2025,Renault,Acerca,SUV,72569591-Z
9223GVM,WBA5U3WM1AM1YKDD6,2010,BMW,Dólares,berlina,72305872-J
6391HBG,WBA8N32A7AWA8RGP7,2010,BMW,Llevar,urbano,75820212-E
8343GWV,WAUH7KPA6ASWVV1WC,2010,Audi,Palabra,deportivo,16032888-W
8699HMD,WF0CSM6D8C6BCY235,2012,Ford,Tipos,monovolumen,32678750-M
1577LSR,WVW977ZW0MUG1TBU8,2021,Volkswagen,Objeto,todoterreno,42406443-D
7994LZP,VF7JSL455N6VP7GPJ,2022,Citroën,Millones,urbano,69886909-Y
4023JBL,WDB3T33N1E57JB3ZU,2014,Mercedes-Benz,Otras,berlina,88975867-E
1770HNT,WAUDZJ532DPWWKJM3,2013,Audi,Sean,urbano,34343789-M
6576KWT,WAUSC2JE5KKNYLC1V,2019,Audi,Produce,deportivo,55381151-A
8165JBL,WBA4B92ZXE1CW48R5,2014,BMW,Existen,cupé,83672624-G
3463GHT,JT2T9AN678J134D55,2008,Toyota,Electoral,todoterreno,24759104-H
6286GZT,WF0F6DPG3AXUNRJ6S,2010,Ford,Mil,SUV,76411848-Y
0765KFC,WBAGNTEE2HV1FR7AX,2017,BMW,Francia,monovolumen,45832934-Y
8336KYN,WAUH325G3K4K40LKH,2019,Audi,Deben,cupé,78132032-C
7893CJC,VF3A28EW834959U5A,2003,Peugeot,He,berlina,39227065-J
6310NDG,WBAENLPB2S9CSMKFP,2025,BMW,Sistema,cupé,65087828-J
2546CSS,JT2JUAVN34DTXJCR6,2004,Toyota,Ser,todoterreno,92962925-F
0718KMM,VF1BPB077JZFT1YL0,2018,Renault,Particular,berlina,38374234-E
3779MNC,WDBSMTEH2RYNBN2P5,2024,Mercedes-Benz,Dio,monovolumen,98096395-S
5720MRD,VF1BXSNN3RDJ6CL02,2024,Renault,Permite,descapotable,11866920-R
9137KLN,WDBTW41P5JLBC57P7,2018,Mercedes-Benz,Tienen,cupé,89225228-V
5233JJH,WVW3SS4A8FCG4XSCX,2015,Volkswagen,Puede,berlina,12303791-X
7848JVH,WBACZN2A0G8WTY4WH,2016,BMW,Eso,todoterreno,49350872-W
7004LGH,WDBXK94A6LYDWPP5F,2020,Mercedes-Benz,Capacidad,deportivo,39757114-G
8955BXP,VF1525DK62THR5052,2002,Renault,Viene,todoterreno,20423917-D
4530BCD,WF0D1N4V3YRED0GRD,2000,Ford,Pie,urbano,11246918-X
8774MYF,JT2V7J0E2SKR5DE06,2025,Toyota,Cambio,SUV,21812582-A
9654GGV,WBAYNDPL58RZVXGHV,2008,BMW,Española,sedán,48295181-B
7094BGF,VF1X86JB01NC42W1S,2001,Renault,Donde,berlina,72040077-Y
1630GDH,JT2GJ4W038C7E1JML,2008,Toyota,Dónde,descapotable,61682244-Q
0613LSR,VF1YL61PXMKF0MZ3C,2021,Renault,Artículo,monovolumen,95364447-F
3863FSJ,WAUXKT8287XVXF4YL,2007,Audi,Todavía,monovolumen,75035360-E
8804FYY,WBARKSSV57EKL7L0E,2007,BMW,Hijo,monovolumen,40722315-X
5979GWV,WDB5SCP87AJ948EPA,2010,Mercedes-Benz,Sea,SUV,26155035-X
1336HFT,WDB7825L2BTEDAMKK,2011,Mercedes-Benz,Cierta,berlina,74333922-S
8576GTS,WVW8TRV32A8Y46GGG,2010,Volkswagen,Título,deportivo,72623070-H
4621LVV,WAUD70LR6MEXYXPAL,2021,Audi,Usted,berlina,77483763-Y
6101HWY,WDB0UNPK9EYFJV6FR,2014,Mercedes-Benz,Difícil,monovolumen,94010463-X
8550BYP,VF32J0DB92ER9E3SJ,2002,Peugeot,Siete,berlina,29235353-F
0061FSJ,WAUCFCZ287Z2NYWF0,2007,Audi,Quienes,SUV,15339350-Y
5314CDC,JT2RN92702TC57VCK,2002,Toyota,Ir,monovolumen,86662226-C
8942HNK,WAU3D6AF3CGZ0LX6M,2012,Audi,Hombres,SUV,11246918-X
9321KMM,VSSWMX2Z7J84C5WXW,2018,Seat,Prensa,cupé,67804240-X
6689JMF,WDBP5DV00GRA0L7U2,2016,Mercedes-Benz,María,cupé,25469922-K
6967LCG,WBAF7S2U4K50119BX,2019,BMW,Contrario,berlina,86032984-N
8014MKD,WF0HYZZS7P6FYTX9X,2023,Ford,Militar,SUV,11745164-F
8930JJH,WAUPK0AY1FCC2B37B,2015,Audi,Dicen,SUV,98168332-P
5125KGN,WAUDY76W5HVL9ZPNX,2017,Audi,Teatro,berlina,18338251-Y
0571DGX,WF01W61L35E7WWFFP,2005,Ford,Junto,berlina,84541973-E
7903BJC,VSSBNXWD81TV44JRY,2001,Seat,Salida,sedán,75712984-C
3863MWV,WBAYNE9Z1RTVMAFHR,2024,BMW,E,berlina,41661266-D
3517HCR,WAUMW2TC6BXVB0GXL,2011,Audi,Generales,berlina,93910659-A
2006BMW,VF34W83271YFPRWUD,2001,Peugeot,Rey,todoterreno,48295181-B
3476LNN,WF0YGZUS8MF874V6Y,2021,Ford,Total,SUV,82447658-H
2558GDH,WBAYG6ET486Y2G6R3,2008,BMW,Trabajar,urbano,54051682-A
4556BPG,WAU0AUBJ91EWSJXH1,2001,Audi,Través,sedán,13852253-C
5990DYY,WDB6H6ND66ZJA2DJK,2006,Mercedes-Benz,Crecimiento,urbano,20465601-V
3132DBJ,JT2N6ZAR84K7D60W6,2004,Toyota,Vista,sedán,83772262-Y
0343MRX,VSS46N248R9517R2H,2024,Seat,Paso,SUV,91422362-F
3087JMF,WAU3YK7U2GMWTHA69,2016,Audi,Imágenes,urbano,15661675-D
3882DXZ,VF7XNB5S86S7C1J2E,2006,Citroën,Creación,berlina,74333922-S
8448JJH,JT2175UF0FDZ8ZM5T,2015,Toyota,Decir,SUV,79563401-F
9407HFF,VF1UKDYGXBK7Z97U9,2011,Renault,Solución,deportivo,76431491-F
7718BBJ,WVWN82SP9Y9H0ME9V,2000,Volkswagen,Servicio,sedán,83935379-F
8857CXT,VSSBWD95X4CJ7PHF8,2004,Seat,Entonces,urbano,18338251-Y
4072JFX,WDBYJUNB2FYDEUJXF,2015,Mercedes-Benz,Habían,todoterreno,62332444-Y
3961LJD,WF01KE8F2LXWFCYM8,2020,Ford,O,sedán,80889059-Z
4517HPN,WAUJ2NW15D2G2N863,2013,Audi,Hasta,urbano,38211003-E
1239JYB,VF3XU5BS5H14Y5LLC,2017,Peugeot,Acerca,todoterreno,51903429-L
6936MYW,WF0W77AH9S57F3E0G,2025,Ford,Supuesto,monovolumen,56686273-J
3470CJC,WAU5NV5S43XD2L3V9,2003,Audi,Propio,SUV,15820822-L
5106JMY,VF7HGHDXXGYX00HS6,2016,Citroën,Prensa,sedán,80834421-R
6221LGG,VF7NTR893LKD98S11,2020,Citroën,Fecha,urbano,55706192-P
1026LKV,VSSAJ2WF3LBGX5DM1,2020,Seat,Del,descapotable,53627036-Y
1295BCY,WAUF835Z3YDS8DAJJ,2000,Audi,Programa,monovolumen,71295353-E
3026CJC,WBAA0RDW63USCJLNC,2003,BMW,Sabe,monovolumen,25509578-W
2125LML,VF7F165X6MBYLFRCZ,2021,Citroën,Unos,monovolumen,91340052-Z
5404MLY,WDB90XJ95PGH3CAX7,2023,Mercedes-Benz,Perdido,descapotable,55727642-E
9680HNT,WBAK6M128DKLJ9SWC,2013,BMW,Artículo,SUV,72305872-J
0641KSS,WAUV7K527JPCCHEH8,2018,Audi,Ese,deportivo,88270122-D
0295BDR,WBA9ZR5J3YUSXS3LH,2000,BMW,Quizá,urbano,24002459-G
8561DWT,WVWELEJM96SV7B8NT,2006,Volkswagen,Norte,SUV,84394036-K
8414MNC,JT2PJ12K4R5CR29NT,2024,Toyota,Amigo,sedán,32691682-B
9557JLN,WBA461DS7GAHFZ754,2016,BMW,Nuestras,monovolumen,74653330-E
2967GPJ,WBA8625R29CN5L0ET,2009,BMW,Economía,monovolumen,68865747-K
6218NGB,VSSXJ5WDXS9N4ZM92,2025,Seat,Cine,monovolumen,74607846-D
9796HBG,VF3BFJ324ASBTCRVH,2010,Peugeot,Ir,monovolumen,32887901-V
8138KFC,WF0EWJYY6HG2U828M,2017,Ford,Demasiado,berlina,47556642-W
7167MPL,WF0TXUJW6RCFE2EVV,2024,Ford,Algunas,sedán,83890461-P
6935LYJ,VSSZWX9M1N3WJWBL8,2022,Seat,Hospital,SUV,15472052-K
5277FYY,VSSA79LA17PDYR459,2007,Seat,Va,urbano,84549424-K
3719NGB,WF0508MK7SNAXKRB2,2025,Ford,Pequeño,urbano,24923233-L
2504KYN,VF7TBRFH4KCJ7S4T9,2019,Citroën,Julio,sedán,20112129-D
5467JNR,VF1N8S0M0GNZV60GU,2016,Renault,Propia,monovolumen,47556642-W
7689CBP,WBA5ES7V329LD57WP,2002,BMW,Sin,descapotable,98412809-H
1148DSC,VSSV4C1U25YKHYMJU,2005,Seat,Julio,todoterreno,60483512-K
1690HML,WVW846081CKZZNLY5,2012,Volkswagen,Conjunto,urbano,41086508-K
5303GPJ,VSS3L46W99H66J83S,2009,Seat,Hechos,todoterreno,77859220-B
9856GFY,WVWVPDRH08VTPXA5Y,2008,Volkswagen,Debe,berlina,37583446-C
1379NDG,VF15ELVHXS4ANTPAG,2025,Renault,Educación,SUV,19216912-K
0638FBC,WDBNS9V2464ST2PTS,2006,Mercedes-Benz,Suficiente,monovolumen,17147791-A
4316DKB,WBAGZPRR157LX28TR,2005,BMW,Especie,deportivo,21154373-P
1951LFH,WVW80DD86LUZTK9LC,2020,Volkswagen,Aquí,cupé,56938349-D
8470FZR,JT27RZT3787NP7JH7,2008,Toyota,Señaló,descapotable,98191092-K
8763CRC,JT24ZE1013JM4G7TV,2003,Toyota,Dado,deportivo,85731242-F
4874KTJ,WF0GAPRE5KPC27FLL,2019,Ford,Industria,berlina,55275974-M
1775GSR,WVWR12M4693EV7UV0,2009,Volkswagen,Considera,cupé,49232854-C
2567GWC,VF73HFWL3AKK529UY,2010,Citroën,Tenía,SUV,90402456-J
4014HNC,WF0SRV8L7C2TRC2MY,2012,Ford,Productos,sedán,59032241-G
2637HZZ,VF3C3JM3XEGUTR3KN,2014,Peugeot,Educación,berlina,94381529-V
0942JJW,VF7A92ZV3F1Y6TZ9U,2015,Citroën,Nombre,monovolumen,37341479-J
5472KXR,WAUZM5D21K1LKTTGG,2019,Audi,Jefe,cupé,17147791-A
3947CZP,VF3BMNV934PS1179S,2004,Peugeot,Blanco,berlina,27086591-C
3290KFC,WVWBBB0Z3HCTF49NL,2017,Volkswagen,Alta,urbano,76582694-P
7117JYT,VF1CT19G3HPY42FJV,2017,Renault,Consecuencia,SUV,68089477-R
4083CWR,VF1V8C5J24PMNXJA5,2004,Renault,Hacer,urbano,36561543-F
2269HRX,JT2296HV8DVHLMJRN,2013,Toyota,Centros,urbano,14053515-D
4735FWC,VF19U54667X8XFBJM,2007,Renault,Nombre,urbano,75712984-C
3230KZK,WF0ZDK890KEWXV9GB,2019,Ford,Cambios,urbano,51885769-T
0109CZP,WVWP0G6254A4SP91M,2004,Volkswagen,Hicieron,monovolumen,11416439-K
2092MJR,VF1G7CK49PTEGZZAG,2023,Renault,Posible,deportivo,83247242-F
3471HSK,VF33DUKL4D20GBD9X,2013,Peugeot,Chile,deportivo,98637391-M
7669LXS,VF12AZ8G9NMRAHU6G,2022,Renault,Modo,sedán,57672801-W
9045JRZ,WBA4GVBE6G659WA50,2016,BMW,Productos,berlina,91040335-X
3862KVX,WBAMDRV4XK5K2GC0E,2019,BMW,Principal,monovolumen,64898959-C
8121BCD,VF7LKTBN0YPVNRT6M,2000,Citroën,Pero,sedán,82458396-S
7177KJV,WF0JU9EC4JREG48W9,2018,Ford,Tanto,sedán,64818419-A
7622BCD,JT2TBU7R7Y7WNK79X,2000,Toyota,Ley,sedán,89855126-Z
6992GHG,WF0MLXC918S0KD2GS,2008,Ford,Nuevas,berlina,61547340-F
3135BTF,WF0772Y682DUU1X6B,2002,Ford,Varias,descapotable,53627036-Y
9952CVR,WVW7MSS804A7ZSRB8,2004,Volkswagen,Informe,todoterreno,46471265-H
8825MWV,WDBNAV1R0RUK2KXDY,2024,Mercedes-Benz,Sectores,monovolumen,90580045-L
9520CDC,VF3DJEJK62BAMW3V4,2002,Peugeot,Estudios,descapotable,92297762-G
6130KCV,JT21CVMM5HVPBXDW4,2017,Toyota,Media,cupé,76523356-X
8935JWN,VF7544BX3HWVYDRSL,2017,Citroën,Primera,SUV,16032888-W
7027GWV,WF05H6ZRXAPD7B8WZ,2010,Ford,Nadie,urbano,86739052-A
4755JRZ,VF7P7JFG3GB5X0C0G,2016,Citroën,Tu,deportivo,52889381-F
0103MZS,VSSRHZ6B9SV6NVMGZ,2025,Seat,Pedro,cupé,56161228-N
8244HVF,VSS6RJG38D6Z2AZHJ,2013,Seat,Muchos,deportivo,78673378-S
0274DHZ,VF1J4Y0235XBFSYK4,2005,Renault,Tanto,deportivo,15964798-S
6721KFC,WBAFGERHXHDG3DN6A,2017,BMW,Seguridad,cupé,76688728-N
3518DVB,WVW14PBD758MGJEY5,2005,Volkswagen,Frente,monovolumen,41531993-L
4013KKR,JT2HYSS90JZTWMEDZ,2018,Toyota,Imágenes,monovolumen,82092278-B
5897LWR,WVWF2NCU8N2PFT1KX,2022,Volkswagen,Realizar,deportivo,17137985-H
8288CTT,VF7FU19Y74LYM0XX2,2004,Citroën,Llevar,berlina,91857963-B
8653JCY,WAUSMT1M1FP4SYJPA,2015,Audi,Sistemas,SUV,51100591-L
9761HLK,JT29J05W6CL0W6X91,2012,Toyota,Causa,monovolumen,73141002-J
4987KRZ,WAUM4J5A7J73C4TPH,2018,Audi,Ejército,sedán,69689059-W
8006LZP,WVW5X0TY3NRAE6N3J,2022,Volkswagen,Boca,sedán,41693488-P
9298MFG,WF05N2K7XP7WB22U0,2023,Ford,Siete,cupé,56344949-D
8942HZL,JT2LCFXD7EZZFJ6S4,2014,Toyota,Semana,berlina,91965747-V
1431BGF,WF0BY5CPX1F8Y7CEV,2001,Ford,Especie,cupé,97231751-X
9744JTR,WVWBLH6E4G52Z5GBD,2016,Volkswagen,Fue,berlina,46239165-B
0932CDC,VF37EG17126RSE4H7,2002,Peugeot,Programa,cupé,36561543-F
0803BXP,WBADHXWU32G11N5XV,2002,BMW,Si,deportivo,33438135-E
5742HRX,WDB1YA4X6DDR47C18,2013,Mercedes-Benz,Especial,urbano,54607892-G
5821BBJ,WVWADLAW8Y9E2R5EP,2000,Volkswagen,Momento,berlina,98189363-V
4338KCV,WBATLWD90HBBUCXVM,2017,BMW,Iglesia,urbano,63650410-A
0690FKY,WDBHCS2H772ANPW9B,2007,Mercedes-Benz,Militar,monovolumen,34702374-C
1804DTB,VF3WGJ7905RLRJ5FS,2005,Peugeot,Fuerzas,cupé,86756255-W
5411LRP,VF7DKGKE7MBG6BWK6,2021,Citroën,Través,berlina,87090081-Y
7536GYD,VF7Z7XJR0AHEMRXCD,2010,Citroën,Cualquier,descapotable,93910659-A
8419CYY,WVW845VN147D2FE28,2004,Volkswagen,Lo,monovolumen,91122019-K
0135BRT,WAU0ZWE061PBJGLT9,2001,Audi,Educación,berlina,17239105-F
9518HVF,VF76GTLW3D961U15D,2013,Citroën,Esas,monovolumen,43968604-X
8615GPW,WVW6LZZH09PUFYF6N,2009,Volkswagen,Valor,SUV,15081850-Z
6833DWT,WBALRB0H16BJFFSXK,2006,BMW,Objeto,cupé,29479902-C
4878MLY,WBAYSCWP5PELRN3WU,2023,BMW,Libertad,deportivo,41740974-E
7472LZZ,WBA2H64Y5N0W1FA5H,2022,BMW,Llegó,descapotable,90293029-C
6061KJV,VSS6RWJ5XJ7SB140A,2018,Seat,Posibilidad,descapotable,36896171-P
5130MRX,WAUY6LWF1RMW9HKYH,2024,Audi,Encima,berlina,17505483-E
2837LDR,WBAVSJ1W3KY0CP0AL,2019,BMW,Parte,sedán,66323332-A
9204HRK,WAU487YD5D9WW7GVB,2013,Audi,Calle,SUV,64224135-Q
6600HSZ,WAU4X1G39D5GSGKDL,2013,Audi,Música,todoterreno,64362538-M
9386GFC,WVWHNNP7986PRUEB4,2008,Volkswagen,Luis,urbano,29657935-X
7687KZK,VF35YWUY6KNBMWMVM,2019,Peugeot,Cultura,monovolumen,15080482-A
4740CDC,VF1282YP42SEZ085J,2002,Renault,Esa,urbano,68999478-F
5347KPD,VF3TX6EC2JYK77BP3,2018,Peugeot,Algunos,cupé,81522025-C
4830FNZ,VF10MKBB77UF6E5N1,2007,Renault,Mi,todoterreno,63947772-K
6208HTK,WF0G6RZL8DB3Y1F6V,2013,Ford,Control,deportivo,66719989-W
9678BWT,VSS21EJA22GUTAE0T,2002,Seat,Fuego,urbano,29457775-L
2214CDC,JT28V44D72G5BTPAU,2002,Toyota,Españoles,SUV,15617096-G
7391DLD,VF7JZF4X85J88SXXE,2005,Citroën,Semana,urbano,85146604-Y
9550CLD,WVWY623023NU046AL,2003,Volkswagen,Día,monovolumen,84927522-E
8057LMC,WAU6CLTB8LBZT58VD,2020,Audi,Diferencia,descapotable,36946990-C
6563HNC,VF3PVRGJ4C3D2V9XC,2012,Peugeot,Tiempo,cupé,22255703-Y
2568HXN,WBA60KKV4EZ4DPGXW,2014,BMW,Mar,deportivo,17188011-L
4751GHT,WAUTMR2M18GA7YD6F,2008,Audi,Cámara,descapotable,22154738-B
0511CNK,WBANUR67534LZSB8D,2003,BMW,Argentina,cupé,64695993-Y
6281LDR,VSSBX4441KFWF15ZR,2019,Seat,Etapa,sedán,46301878-A
9938LTP,VF7YSGAK4MSUC4W6P,2021,Citroën,Éxito,todoterreno,69192499-N
8762JPK,JT2V98UNXG95APFEU,2016,Toyota,Está,todoterreno,27388814-T
5340BCD,VF73KHLS8YLT9JNZ5,2000,Citroën,Unidad,urbano,24923233-L
1247NBL,VSS08JT37S65LJYXW,2025,Seat,Propios,todoterreno,38895891-Q
6788KPD,WBAH4EZ04J32M94J9,2018,BMW,Alrededor,SUV,21154373-P
9533LMX,WF040CEBXM1YYPY1V,2021,Ford,Hombre,urbano,42809126-P
4276MYW,WF0CPCJ05S0TJD6CC,2025,Ford,Argentina,sedán,68999478-F
2037BJC,WBAWEP1061MSLRTWU,2001,BMW,Junio,monovolumen,81007977-E
5706LFY,WF0ZV0YV3LBSFPTB9,2020,Ford,Efecto,monovolumen,66944108-D
1189FJD,JT2CS1ZW16P5YRVX4,2006,Toyota,Cargo,cupé,15617096-G
2287BMF,VF7SZ2DW314PFXRL5,2001,Citroën,Victoria,monovolumen,23519837-Z
9381LTP,WAU4HCYL3MD52ZN6A,2021,Audi,Hasta,todoterreno,50267694-K
3321JJH,VF3Z7RDCXFU08GM13,2015,Peugeot,Resultados,urbano,50414659-Q
6097HDC,WF0ZACE08BKA07R6T,2011,Ford,Unidad,cupé,74666294-Z
4108MCB,VSSAPZ5A2NCE6C2H1,2022,Seat,Ésta,berlina,26332921-Z
5644GYX,VF1AARDE1AU5GBGY1,2010,Renault,Bien,sedán,24630351-L
8386BJC,VF3K8SBC615U9ERC3,2001,Peugeot,Y,todoterreno,83772262-Y
6515FRC,WBAHR2MM57Z8SGF76,2007,BMW,Prensa,berlina,94218435-Q
9993MCR,WAUH0TAE0NJS15LLN,2022,Audi,Solo,deportivo,64362538-M
3892GYX,VF1U5JBE5AJL3ZCSH,2010,Renault,Toma,monovolumen,72040077-Y
0319MNT,WF09Y88S4RNLL6EBS,2024,Ford,Estados,monovolumen,35105102-H
3633LFH,VF33HJDHXLVL0VUL7,2020,Peugeot,Serán,deportivo,83412954-G
4760MYF,VF37Z3VV9SYXZLWXG,2025,Peugeot,Pedro,descapotable,94121164-N
5101DVW,WDBFJH7C26DEDBJNV,2006,Mercedes-Benz,Parece,deportivo,92116014-W
4173LSG,WBAKN7UX7MNY93PC2,2021,BMW,Militar,sedán,77747020-M
7780HLW,WF0L26RW5CUGL881R,2012,Ford,Sólo,monovolumen,50133888-Y
1132KVB,VF7K0DWZ7K1V700XR,2019,Citroën,Podemos,descapotable,14720144-Y
4948CLD,WF0TTUE2X3JG4AFGA,2003,Ford,Especial,berlina,81705672-N
1345HGC,JT2PZL005BNND8ZTC,2011,Toyota,Razones,sedán,85695192-K
7734DXZ,WBAA0T9Y76PSVXKAT,2006,BMW,Sin,descapotable,18338251-Y
8542CYY,JT2TUVW554DC4G7A4,2004,Toyota,Comercio,monovolumen,84394036-K
5912GKS,WVWWPZA7099F0NJ7G,2009,Volkswagen,Nuestros,berlina,95368583-A
2812MYF,VF1FVK0E2SAH64GD9,2025,Renault,Deseo,monovolumen,82447658-H
1277JHT,WDBU5D41XFS4HKXK0,2015,Mercedes-Benz,Manos,SUV,26729087-M
8549MSS,JT257AGC0RBY981DU,2024,Toyota,Dinero,urbano,58877579-V
5528MYW,JT2FTL0W5SX64BXVM,2025,Toyota,Hacer,urbano,93748575-T
5739CDC,WF0D1GSY82R8NXAST,2002,Ford,Sangre,deportivo,57379943-A
4274KHG,WVW52PK45JES3F1R9,2018,Volkswagen,Ya,sedán,23151203-R
4498MNT,WVWEUYER0RV2LAZEE,2024,Volkswagen,Alguien,deportivo,36414487-J
9505KYN,WVWVSDWH5KL1RC31P,2019,Volkswagen,Haya,descapotable,68899754-B
8992DCH,WDBUMWYW048F2E9L5,2004,Mercedes-Benz,Mismos,deportivo,22255703-Y
5782DWT,WF07JKBL762JDNREU,2006,Ford,Muy,deportivo,43773009-F
2490KFW,VF71PSPP8H6SHSBFJ,2017,Citroën,Antonio,monovolumen,57667310-P
3885HSR,VF39C8GX3DV2278GT,2013,Peugeot,Quedó,cupé,63046081-E
5770LNN,VF1896HW1MJYHC1P2,2021,Renault,O,deportivo,34996553-Y
4267HMD,VF1FJT0M5C5D7TJES,2012,Renault,Gracias,urbano,43701473-R
4845HGX,VF3FMGUU5BZ3LR08E,2011,Peugeot,Mar,monovolumen,32746298-W
3230BMW,VF1JZK6331J6CPDT4,2001,Renault,Ministro,deportivo,97396409-B
9308HCR,WAUG8X986BU1FK7HX,2011,Audi,Resultados,todoterreno,65087828-J
8552CHF,VF3NRD8V534UYPNKD,2003,Peugeot,Común,urbano,91040335-X
8300HZB,VF15US3Y0EFYU8PRA,2014,Renault,Trabajo,monovolumen,97231751-X
6137DLD,WDBYS5C065W0BEWH8,2005,Mercedes-Benz,Unos,cupé,20465601-V
2848KRJ,WBAU7HH96JB1KFXM5,2018,BMW,Necesidad,urbano,64016930-H
6109GJV,WF0JY2KX78HG2K9DT,2008,Ford,Supuesto,descapotable,82845677-E
1686NBL,VSS3605L6SM1BTXNZ,2025,Seat,Todas,sedán,38214046-Y
8285KRZ,VF373EBE9J3G95F30,2018,Peugeot,Padres,urbano,94483368-N
7310HPC,JT275ADL9DR94RHCK,2013,Toyota,Hacer,deportivo,19153552-A
0384JWN,JT208LJS0HHVPP532,2017,Toyota,Estaba,berlina,73584936-R
1837MRD,WVWKL32N6RDK34U83,2024,Volkswagen,Informe,berlina,26332921-Z
7876GNY,VF7HF61P593DAZCH8,2009,Citroën,Vida,urbano,73641580-L
8815NBL,VF7BZT4T9SECGDCS1,2025,Citroën,Segundo,sedán,53803942-L
3330DDG,VF3UZ6A634CG8W15Y,2004,Peugeot,Nuestro,berlina,61682244-Q
1386BCD,VF7NDJX84YE1A4YAB,2000,Citroën,Blanco,descapotable,63650410-A
8517DNP,WAUC316765LVFAWHJ,2005,Audi,Estar,descapotable,20862438-N
7121KSS,VF1J31XK5JE6EYDS0,2018,Renault,Régimen,sedán,70894603-R
5782GNY,VF1Y0VVK79V8RCCXE,2009,Renault,México,urbano,46352890-R
8112BGF,JT28LXRBX112RF5B8,2001,Toyota,Sueño,urbano,26389479-S
3302CRV,WAUBYR3K54FHH7ZDC,2004,Audi,Muchas,SUV,24107103-K
4398FRC,VF1850J187M0L45HV,2007,Renault,Hace,monovolumen,33120436-E
6168DLD,WDBB4H1S55CJRF33C,2005,Mercedes-Benz,Cuarto,descapotable,55275974-M
1066BBJ,VF1PUW6H2YBE8D9KA,2000,Renault,Cámara,descapotable,95364447-F
6450HWY,WBAUMZ461EPMP4TTP,2014,BMW,Estos,urbano,21154373-P
9407MFG,WBAEWDVR9PBLVCCP2,2023,BMW,Cultural,cupé,98189138-E
4702HHH,WF0XALNV5BZSVPHM8,2011,Ford,Muerte,berlina,97527017-W
7735BJC,WVW58U4D31D6UTACG,2001,Volkswagen,Carrera,berlina,12795711-Y
0513HKB,VSSYEZ7X7CMJD2F3T,2012,Seat,Objeto,descapotable,15617096-G
7855NDG,WF0TSB6E8SAG7C10C,2025,Ford,Día,descapotable,17276361-A
3154FDP,VSS82180462D7L47A,2006,Seat,Título,todoterreno,82270012-R
9830KRJ,WF0Z72EK5JCJ8S5EX,2018,Ford,Mucha,deportivo,14053515-D
1491GDH,WF0ZMTXK08W4JBBDJ,2008,Ford,Rey,deportivo,64766851-R
7658NFR,WDBNHFSB6SSJM3EVD,2025,Mercedes-Benz,Mucha,todoterreno,17137985-H
4207HCB,VF7G3H7U6BDN242T2,2011,Citroën,Ocasión,berlina,85193017-M
4558FCJ,WAU5K92W369ZAJ8VC,2006,Audi,Cabeza,descapotable,49713248-J
0533GLP,WF0A5UMM29R8ZM3TL,2009,Ford,Tarde,deportivo,17648149-L
4828MSS,VSSZKLG20RWCC0W2K,2024,Seat,Diez,todoterreno,13768666-S
0892LVD,VSSJUY8Y5MCKNPHLJ,2021,Seat,Muchos,sedán,81902247-Y
7341FKC,WBALB4TH666M8AAN2,2006,BMW,Dirección,todoterreno,75035360-E
4175JJW,VF1L0JN92F5NPEU3Y,2015,Renault,Través,monovolumen,24009624-Q
2321HJM,WDBR9LAE4CLJMN02V,2012,Mercedes-Benz,Hospital,deportivo,33763253-N
5009DXZ,WAUYPATY768CA7UH8,2006,Audi,Cuarto,deportivo,41693488-P
2984MRX,VF7ZXTU13R2X1AAD5,2024,Citroën,Mano,deportivo,37577437-Z
1105CBP,WDB03VAC62PE86WR3,2002,Mercedes-Benz,Dólares,SUV,90573957-A
2156JMF,VF3F5MWH2GCCJ7A59,2016,Peugeot,Tarde,monovolumen,51872972-Z
5430BVW,VF7W717352HDT03N9,2002,Citroën,Españoles,monovolumen,69425374-N
4271LKF,WBACYYM41L2R02UT2,2020,BMW,Marco,cupé,71295353-E
0197DVB,VSSLW5ZF7531SZ8UJ,2005,Seat,Dolor,monovolumen,80441523-N
2660CPF,VF7LPVN4930Z2GD87,2003,Citroën,Radio,deportivo,72305872-J
9848BCY,VF19WVMU1YA1GEE7V,2000,Renault,Una,descapotable,14266038-N
8243LWR,WDB4T8136NLDUKNV2,2022,Mercedes-Benz,Dirección,SUV,51872972-Z
2433GWC,WDBV2PJGXAX8FJ6KF,2010,Mercedes-Benz,Duda,SUV,12707030-J
7912CLD,WF0RJZ2E339PNRYRU,2003,Ford,Grupo,sedán,14884649-S
0355BDR,WDBE8JPY0Y64VGUNM,2000,Mercedes-Benz,Metros,todoterreno,98637391-M
3862DYY,VSSV9N2406YNNRL0E,2006,Seat,Curso,urbano,28538199-Y
8988MCR,WVWWC1AV4NS2RNUK4,2022,Volkswagen,Nueva,SUV,37583446-C
9144HSR,VF3K4H506DJC10CVY,2013,Peugeot,Enero,SUV,73286099-A
4755MFG,VF3V3VEJXPH2BSBNB,2023,Peugeot,Izquierda,berlina,86027795-K
6457LFH,VF7X6CM94LD2FN86T,2020,Citroën,Defensa,SUV,91471567-S
2241LTD,WAUZYTFJ2M8BZXT3A,2021,Audi,Artículo,berlina,53627036-Y
6324HPY,VF13466J5DZV5FRRR,2013,Renault,Fueron,sedán,69755160-R
1402MXP,VSSBFC5B5R84XJJJ7,2024,Seat,Energía,todoterreno,72729879-S
3666HWY,VF3G98ET6ED2CLCUZ,2014,Peugeot,Ello,SUV,56161228-N
6799MZS,VF37FPN52SL72N4BL,2025,Peugeot,Igual,cupé,64332412-D
4601CLD,WBAJ68FF637EYPXJ9,2003,BMW,Social,berlina,80731349-S
7121FKC,WBA2DCVG26C8ABBXT,2006,BMW,Algún,sedán,93910659-A
8494MZS,WF08NZMD5SEZAU7SA,2025,Ford,Ve,deportivo,60483512-K
2022BBJ,VF1GACPE1Y0TLF8SS,2000,Renault,Muchos,sedán,40100500-T
0063JXF,WDB6H2T89HZ4TSU0D,2017,Mercedes-Benz,Familia,descapotable,62646611-Q
5384GTS,WVWJ93YU8AHV28RBX,2010,Volkswagen,Casos,deportivo,93237458-N
3037JZP,WDB7HXZB8HL3DEMUC,2017,Mercedes-Benz,París,SUV,14266038-N
5473JLN,JT2Y422D2G6GKRGZT,2016,Toyota,Podría,todoterreno,38567740-Y
2791BYP,VF3MS6GK720SRUY05,2002,Peugeot,Lucha,descapotable,20465601-V
5337CVR,WDBZ65U834P4UCH1C,2004,Mercedes-Benz,Una,urbano,58780645-M
5908LKF,VF1JR9414LT43PGUD,2020,Renault,Propio,berlina,64670051-P
2117JCK,VSS2CKA29FL9TBT1H,2015,Seat,Tendrá,monovolumen,11246918-X
2081GLC,WF03DL4C79L5BUTFJ,2009,Ford,Cuanto,sedán,14813811-V
0514FKY,VSSZEK4J67MYZ34Z4,2007,Seat,Está,sedán,38763823-Z
6594GHG,VF1F4M9478L5BST12,2008,Renault,Mí,monovolumen,53084464-G
9651BMW,JT2TMKXN3188ZZTTM,2001,Toyota,Toma,cupé,73641580-L
2697NFC,WBABGRYV5SNMT3KPJ,2025,BMW,Cabo,urbano,41522273-M
6675DCH,WAULZ1JM04G0MWJ26,2004,Audi,Pasado,todoterreno,38214046-Y
8929HPN,VF1MU3DD2DU2K89TS,2013,Renault,Existencia,cupé,14813811-V
8400MWV,VF1E3EV22RMBLBV28,2024,Renault,Poco,cupé,46301878-A
8557LSG,VF33XRAR0M1WKJVAR,2021,Peugeot,R,sedán,83890461-P
8512HCR,VF1TH1PY5B2RDR8DA,2011,Renault,Productos,monovolumen,20749089-F
7726FBC,VSSWJ7N886KKJK16D,2006,Seat,Comisión,berlina,48445174-K
8682LTD,VSS0EX5K1MTCDRZR0,2021,Seat,El,deportivo,86739052-A
3687KNK,VSSUG0BA5J1852C52,2018,Seat,Costa,monovolumen,83247242-F
3495GFY,WAUA6X8K18P8LM5YG,2008,Audi,Ayer,descapotable,36620450-B
3094KJV,VF1M00CX8JABJ8EJA,2018,Renault,Único,urbano,26155035-X
8230JSL,WAUXRPLK5GGGL6TRJ,2016,Audi,Sigue,sedán,24001850-Q
8613FRC,WVWP43DU37PMA5DF1,2007,Volkswagen,Pueden,SUV,33488827-E
5864LMX,VF3SJ4156M16YKGNJ,2021,Peugeot,Mantener,berlina,17239105-F
2857MNT,WDBWPDXW3RPC9LK8E,2024,Mercedes-Benz,Asimismo,cupé,93617094-X
2513KKR,WF0SD1TV2JEE1CEFD,2018,Ford,Atención,descapotable,49713248-J
3091DSC,VF1KL89325G6RZXGK,2005,Renault,Padre,berlina,71975528-H
6349CMM,JT2LVML803VXED9CT,2003,Toyota,Dijo,berlina,62229613-P
2457GMN,JT2USK1R19AV12RT1,2009,Toyota,Podrá,sedán,58500743-J
0838JBY,WVWNA4WK6EUVNTC19,2014,Volkswagen,Políticos,todoterreno,81902247-Y
9148LCY,WVWNUK0J0KKUYVE8C,2019,Volkswagen,Necesario,descapotable,43773009-F
4814JLN,WBAS9N8D3GCCX3WRE,2016,BMW,Servicios,cupé,39998728-A
4995FNB,VF3RMEWZ47ARK5ESU,2007,Peugeot,Voy,descapotable,15080482-A
8644LKF,WDB8892Y4L04AXFR6,2020,Mercedes-Benz,Tan,deportivo,59835563-M
7406CRC,VSS9RFGW73HHX86H4,2003,Seat,Partir,urbano,25434326-Y
0238HYT,WVWKCVCD3EHU2206S,2014,Volkswagen,Aquellas,deportivo,29467329-M
3929CSS,WVWWYSH464PSAJ60K,2004,Volkswagen,Servicios,SUV,74607846-D
1919FLV,VSSVNUSAX7KR744UE,2007,Seat,Allí,urbano,11866920-R
4597DYY,WF084H4U46BGJE1ST,2006,Ford,Período,SUV,18821840-C
7836GLP,WBADZHWNX93WGWSU1,2009,BMW,Función,deportivo,26103509-G
4357CMM,WBAJT4K57354K4FRL,2003,BMW,Materia,deportivo,21852763-A
9419CYY,VF39537964HDJRBSS,2004,Peugeot,Mediante,SUV,97311430-V
2140HRX,WF0C58UL5DCFNK890,2013,Ford,Programa,monovolumen,14879828-R
8819FSJ,VSSR9ZY1672SU3MMR,2007,Seat,Saber,urbano,95368583-A
9138BBJ,WAUY53J33Y0S338HR,2000,Audi,Fueron,sedán,71205115-J
6850DPK,WDBKU7N675N0L7XHT,2005,Mercedes-Benz,Fuera,monovolumen,85146604-Y
4350CDC,WAUZPSFW62KUZNX3V,2002,Audi,Imágenes,SUV,58500743-J
1393JMY,WBAEB2PVXGSSP9GMA,2016,BMW,Mantener,monovolumen,37845262-G
4798GRM,VF34PT1199SS0Z25F,2009,Peugeot,Buen,monovolumen,84226022-E
7173HPC,VF7ELWJU1DFXZKC29,2013,Citroën,Líder,descapotable,51885794-W
8596LGH,WAU5VEVX8L1PUJBPU,2020,Audi,Hora,deportivo,24923233-L
9161GVM,VF70UR3D2APW7398A,2010,Citroën,Su,deportivo,37442791-X
3323LWD,VF1VRZFX8N340JGFG,2022,Renault,Siglo,descapotable,19108752-F
1709MXP,VF3HMFSA0R8KNAP0Y,2024,Peugeot,Ciencia,monovolumen,63046081-E
8697JVH,VF7AV60G7GPNAMFXY,2016,Citroën,Mayo,SUV,92391422-P
1176HHT,VF3CYT248BCN7D2XK,2011,Peugeot,Congreso,todoterreno,21319544-Q
9376HWY,VF3229JL6ERNJ8B88,2014,Peugeot,Como,cupé,27273247-P
9923JKZ,WAUHYXCK5FLB16JVH,2015,Audi,Abril,SUV,29282588-T
0749FRC,VF10M70797FE6LL4H,2007,Renault,Misma,SUV,79485886-W
4732LZZ,VSS5XRES1N2A7THMJ,2022,Seat,Mejores,urbano,34324846-Z
5660LVV,JT2KLLY65M9FN7M34,2021,Toyota,Hombres,todoterreno,54916533-P
5702MZS,VSS2ABSK8SFS6GMLR,2025,Seat,Sean,deportivo,26703215-P
3648NFC,WVWW23WM8S1MANBY0,2025,Volkswagen,Diferentes,sedán,29479902-C
5733KTJ,VF7MG5NS8KSDNBJTL,2019,Citroën,Está,monovolumen,97527017-W
4210MRD,WVWEGY3M9R017AGYU,2024,Volkswagen,Contra,cupé,94010463-X
1923GJV,VF70ZSC7980RWH1ZG,2008,Citroën,Acuerdo,deportivo,90971482-L
8875DBJ,WDB3L8UK64WPJ7VW7,2004,Mercedes-Benz,Suerte,monovolumen,23820826-W
9043LJR,WBA6GFBN5L0RC0615,2020,BMW,Anterior,SUV,38493905-R
6178BTZ,WBAJWKM0927TH9MF5,2002,BMW,Vamos,deportivo,74164836-W
7136CSS,WBAE8M4A44VP13LB5,2004,BMW,Construcción,urbano,11416439-K
3605NGB,WBAFHGWK8SPY5WMCK,2025,BMW,Mundo,berlina,44053983-J
7057BTF,VF3AMSRZ32XDD3WLZ,2002,Peugeot,Río,urbano,57203574-K
2982BPG,VF3Y6W7J11W2KSNXB,2001,Peugeot,Medidas,deportivo,36068746-P
2070DFZ,VF74B2XK35PG6AJ5G,2005,Citroën,México,sedán,90402456-J
4694JFX,VF31D2H77FCC7RXXC,2015,Peugeot,Boca,todoterreno,19640738-A
1810MDF,VF1DUM4Y7NZEZ5CXU,2022,Renault,Centros,urbano,20423917-D
4398DCH,VF3PMAHY149P70MV2,2004,Peugeot,Años,todoterreno,42809126-P
0524DRG,WBA2HZCUX5FLNP69T,2005,BMW,Manos,deportivo,18195800-V
0228HPC,VF3EN1PB5DFVWYSWY,2013,Peugeot,Aquí,berlina,76743397-X
9493MSS,WVWMFL208RE55LCJV,2024,Volkswagen,Entrar,todoterreno,53501951-H
1729HFF,WVWE9BNU7BR83989E,2011,Volkswagen,Pensar,cupé,48537244-E
2073KFC,WAU67MZY3HEYDJ7GH,2017,Audi,Lleva,monovolumen,33649487-G
0474FNB,JT28B9FA071V95S9M,2007,Toyota,Millones,berlina,76582694-P
6930LJR,JT2FRM387LFCUAEZN,2020,Toyota,Entre,descapotable,34702374-C
2067HTK,VF374M8K5DE8W97DN,2013,Peugeot,Puerto,monovolumen,92101389-M
